PieceNr;Key;PageNr;Name;Composer;Comment;Tuning;Concordances;TimeInz;Tab;TabNotation
;;;;;Die meiste Konkordanzen sind durch John Robinson zu Verfügung gestellt;Most Concordances supplied by John Robinson;;;;
1;;3r;Praeludium;;;OT;ConcR1066;C;"[fda,,{a}/4] d c a [c,,a] d f c [d,,c] c a ,d [a,,,d] c d a | \
[c,,a/4] d c a [,d,,c] a c ,d [a,,,d] c a ,d [,c,,a] ,d a ,c |";italian7tab
2;;3v;Courente gothier;Dubut;CLFDub N°68;OT;Conc_1763;3/4;",,a1 | \
[,,aa{a}3/2] ,,b/ ,,d1 | \
[,,dc{,a}1] ,,b [,,aa{a}] | \
{,,,a}1 [,,,ea] ,,,c/ ,,,,e | \
[,,,af1] {a} ,,d | \
[,dd1] {a} [,c,,,a/] ,a | \
[,,d,,c1] ,,,a [,,b,,d/] ,,,,a |";italian7tab
3;;4v;Courante;;;OT;ConcR500;3/4;"f1 | \
[f{a}2] [d,,,,d1] | \
[f,,d2] [d,,,d1] | \
[bbd,,b1] ,,,,d ,,,d | \
[bbd3/2] d/ f1 | \
[g,,,,d1] ,d ,f | \
[,g,,d3/2] d/ f ,g |";italian7tab
4;;5r;Courante;;;OT;;3/4;"c1 | \
[cdda{a}3] | \
[ddff,d3/2] f/ d1 | \
[c{a}1] ,d f | \
[fc{a}3/2] ,,d/ ,a ,c | \
[,d{,,a}1] {,a}/ a [c{a}1] | \
,,,,,a1 d ,,,,c |";italian7tab
5;;5v;Courante Galilei;;Volte (RISM A/I G 143, p. 17);OT;ConcR501;3/4;",,a/ ,,c | \
[,,da3/2] ,,f/ ,,d1 | \
{a}1 ,,,a ,a/ ,c | \
[,daa{a}3/2] ,c ,d a | \
[a{a}1] ,,,a [a{,a}] | \
[,da{,,a}2] [,cd{,a}1] |";italian7tab
6;;6r;Courante;;;OT;;3/4;",d1 | \
[,d,a1] ,,,,b ,d | \
[a,,,d1] ,,d [a,,,a] | \
[b,,a1] {a} [,d,,b] | \
[,b,,a3/2] d/ f1 | \
[d,,,d1] ,g [d,b{,a}] |";italian7tab
7;;6v;Ballet GPF;;;OT;Conc_4352;C;"f1 | \
[f{a}3/2] h/ [h,,f3/2] f/ | \
[f,,a2] {a}1 d/ c | \
[a,,,a1] [,d,,,c/] a [c,,,,d] ,d [a,,,a] ,d/4 a | \
[,d,a2] {a}1 ,c/ ,d |";italian7tab
8;;7r;Courante Gothier;;;OT;;3/4;",,d1 | \
[,,d{a}1] [,,,d,a] ,d | \
[,c{,,,a}1] ,,d ,d/ a | \
b1 {a} ,,,a | \
[bcd3/2] ,d/ a b | \
[d,,,d3/2] ,,,,b/ [f,,,a1] | \
[fdf,,d2] [fg{d}1] |";italian7tab
9;;7v;Courante Gothier;;;OT;Conc_3505;3/4;"f1 | \
[fda{a}3] | \
[b,,a1] ,d f | \
[dde,,d3/2] f/ [b{a}] d | \
[a,,,a3/2] ,b/ b1 | \
[bbd,,b1] ,,,,d ,,,d | \
[d,,,d1] ,,,,b2 | \
[d,,,a3/2] f/  [b,,a] d |";italian7tab
10;;8r;Volte;;;OT;;3/4;",,,d/ ,,,c [,,,a,b1] [,,,c,d] | \
[,,,d{a}3/2] ,,b/ ,,d1 | \
[,,bcd1] ,,d [,,,d{a}] | \
[,,,ca3/2] ,,,a/4 ,,,c ,,,a1 | \
,,,d1 ,,,,,b [,,b,,a] | \
[,,d,,b1] ,,b [,,,da] |";italian7tab
11;;8v;Courante P P Meli;Pietro Paulo Melii;;OT;ConcR504;3/4;"f1 | \
[bdd{a}3/2] a/4 b ,d1 | \
,,,,d1 [c,d,e3/2] ,,b/ | \
{a}1 ,,d/ ,a ,c ,d | \
[bdca1] {a}/ d b a | \
[,d,,b/] ,,,,d ,,,a ,,,c ,,,d ,,b |";italian7tab
12;;9v;Courante Messengeau;Mesangeau;CLFMes N°1;OT;Conc_277;3/4;",d1 b ,d | \
f2 ,,,a1 | \
,,,d1 ,,,a k | \
[i,,h2] ,,,,a1 | \
,,,,d1 ,,,,a [g,,f] | \
[f,,d2] [d,,,d1] | \
[b,,a1] [g,,,,d/] b d b | \
a1 ,,,,a {,,,a} |";italian7tab
13;;10v;Volte Gothier;;;OT;ConcR505;3/4;",,,d/ ,,,c ,,,a1 ,,d | \
[,,b{,a}1] ,,d [,,,d{a}] | \
,,,f1 [,,,ca3/2] ,,,a/4 ,,,c | \
,,,a1 {a} ,,,a | \
,,b/ ,,d ,,b ,,,d ,,,c ,,,a |";italian7tab
14;;11r;Volte;;;OT;;3/4;",,d1 ,d a | \
[b,,a3/2] d/ b1 | \
[a,,,a3/2] ,d/ a1 | \
[,dda2] {a}1 | \
[,,bcd1] ,,a/ ,,b ,,d1 | \
[,,bcd3/2] ,,d/ ,,b1 | \
[,,d,,b] [,,bdd] ,,,c |";italian7tab
15;;11v;Courante;;;OT;ConcR506;3/4;",a/ ,c | \
,d1 ,,,a [a,,,e] | \
[b,,a3/2] ,,,,d/ ,,,,b1 | \
,,,,a1 ,,d ,a | \
,b1 ,,,a ,,,,d | \
,,,,b3/2 d/ b1 | \
,,,,d/ ,d a b d a |";italian7tab
16;;12r;Courante D.;;;OT;ConcR1067;3/4;"f1 | \
[fgd{a}1] ,,,a [a,d,e] | \
[b,da3/2] ,,,,d/ [dd,,b1] | \
[fg,,a1] ,f3/2 d/ | \
[,gd{a}1] ,,,a/ d f1 | \
[db,c1] ,,e [bbdd] | \
,,,a1 [bb] [da] |";italian7tab
17;;12v;Galliarda passionata;Robert Ballard;CLFBal I N°71;OT;ConcR467;6/4;"[,dda,,a2] [,dda,,a1] [,dda,,a2] [,dda,,a1] | \
[,dda,,a3] ,c1 ,d a | \
[,dda,,a2] ,,,a1 ,d ,b ,a | \
[,,dcd2] {,,,a} [,,dc] | \
[,,d,a3/2] ,a/ ,b1 ,d [a,,,a] b |";italian7tab
18;;14v;Ballet;;;OT;;C;"[bdda3/2] d/ [a,,,d] b [,d,,b] a | \
[,cdca1] {,,,a} [,cdc2] | \
[,dd,,,a/] a b d f ,,,d [d,,,d1] | \
[bbd,,b1] ,,,d [bbd2] |";italian7tab
19;;15v;Ballet;;;OT;;C;"[b,,a3/2] d/ f1 [,db,,d] | \
[a,,,a3/2] ,d/4 a ,d1 ,,,a | \
{a}1 [,dc3/2] i/ i i | \
[l,,,,i2] [i,,h/] i h ,i | \
[,k,,h1] ,,l ,l/ h [i,,h] l |";italian7tab
20;;16r;Courante / de Mesangeau;Mezangeau;CLFMes N°2;OT;ConcR507;3/4;",d1 | \
[,ddef3/2] ,f/ ,d1 | \
,f1 ,,,,,d ,,,,a | \
,h1 ,,,a ,,,,c | \
,d1 [,c,,,c3/2] ,,f/4 ,c | \
,,f2 {,,a}1 | \
[,,,c{,a}3/2] ,,d/ ,,b1 |";italian7tab
21;;16v;Galliarda;;;OT;;6/4;"[,,def,a2] [,aba,d] [,cdca] | \
[,dda{a}3] a1 [c,,a2] | \
[a,d2][c,,a] [d,,,d] | \
[f,,,a3] d1 [c,,a2] | \
[h{,,a}3/2] f/ [d,,,,a1] a [f,,,a3/2] d/ |";italian7tab
22;;17v;Galliarda;;;OT;;6/4;"[af2] | \
[a,d3/2] ,a/ ,b1 ,,d [bd2] | \
d1 ,b [da2] [ea] | \
[f,d2] ,,,,a1 h [i,,h2] | \
[db2] f [bd] | \
a1 ,b ,,d ,d [,b,,a] ,a |";italian7tab
23;;18v;Courante;;;OT;;3/4;"f1 | \
[fdd{a}2] b3/4 a/4 | \
[b,d1] d [a,b] | \
[,d,d2] ,,,c/ ,,,a | \
[a,d,e1] [,,da] [,,bc] | \
[,,dd1] ,,,,a [,c,c,d] | \
[,d,a,b3/2] d/ a b |";italian7tab
24;;19r;Courante Mesengeau;Mesangeau;CLFMes N°3;OT;ConcR508;3/4;"f1 | \
[fd{a}3/2] d/ b a | \
[,d,,b3/2] b/ a ,d | \
[,c,,a1] ,,d ,d/ a | \
[bdda1] {a}2 | \
[dde,,d1] ,,,,f ,,,f | \
[bbd,,b3/2] h/ [f,,,a] h |";italian7tab
25;;19v;Courante Gothier;;;OT;;3/4;"f1 | \
[fdd{a}1] ,,,a [f,,,e/] d | \
[b,,a1] ,d [g,,,,d] | \
[fdd{a}3/2] d/ [b,,a] a | \
[,d,,b3/2] d/ [c,,,a1] | \
[ddf,,d2] ,,,f1 | \
[bdd{a}1] d/ b [a,,,a] b |";italian7tab
26;;20v;Courante Gothier;;;OT;Conc_278;3/4;",,d1 | \
[,dda{a}3/2] g/ ,d1 | \
[,c,,a1] ,,d ,d | \
[,d,,b1] ,,,,,d/ a b1 | \
[b,,,,b1] [,bd] b | \
[,ee1] ,,d/ ,,b ,,,d1 | \
[gd,f1] ,f [fg,d] |";italian7tab
27;;21r;Courante Gothier;;;OT;Conc_1771;3/4;"b1 | \
[bdd{a}3/2] d/ b a | \
,d1 [,c,ca3/2] ,a/4 ,c | \
,d3/2 ,,,,b/ ,,,,a ,,,,,d | \
,,,,,b1 [b,e] ,,f | \
[a,d{,a}1] [b,b/] ,,,d [d,,c1] |";italian7tab
28;;21v;Praeludium;;Almain;OT;ConcR509;C;"[,dbaa1] {a}/ d [c,,a1] [a,,,a] | \
[,d,,c/] a c a ,d ,,,,a ,,,,,d ,,,,,c | \
[dd,,,a/] c a ,d [a,d] ,,b ,,a ,,,c |";
29;;22r;Praelude;;;OT;ConcR158;C;"a2 [ha1] f | \
[df1] [cd] [ab/] c [d,b1] | \
[c,d1] a/ ,,b [a,,e1] ,e | \
[a,,c1] ,,,a/ ,,,,e ,,,,c1 c |";italian7tab
30;;22v;Courante Gothier;;;OT;ConcR510;3/4;",a1 | \
[aa,,,a3/2] c/ e1 | \
[df,,a1] [cf,,c] ,e/ ,c/4 ,e | \
,f1 ,,,,,a ,,,,c | \
[aac3/2] h/ e f | \
h1 [c{,,a}] ,c |";italian7tab
31;;23r;Courante Lepin;Charles de l'Espine;;OT;ConcR503;3/4;",a1 | \
[aa,,,a3/2] c/ a1 | \
[cef,c1] e c | \
,f1 ,,,,,a ,,,,c | \
[aacc3] | \
[a,,,a2] [a,,,,e1] | \
[f,,,,c3/2] e/ c ,f | \
,e1 ,,,,c ,,,e |";italian7tab
32;;23v;Galliarda / Dolorata;;CLFBes p.XXXII;OT;ConcR478;6/4;"[,ef3/2] ,f/ c1 [cef] [cef] [cef] | \
[cef3] f1 d c | \
[df,c3/2] c/ d1 [c,a] [a,b] ,,d | \
[,ef4] ,,,,c2 |";italian7tab
33;;24v;Volte;;;OT;;3/4;"[,abc/] ,,,a [a,b,d1] ,,d | \
[,db,c3/2] ,,,,a/ [,ab,,d1] | \
[,,de{a}3/2] ,,f/ [,,b,,a] ,,d | \
[,,a,c1] {,,a} [,,bc,a] | \
,,d/ ,,b [,,a,c3/2] ,,,c/4 ,,,b |";italian7tab
34;;25v;Volte;William Byrd arr.;La Volta Courant;OT;ConcR100;3/4;"[c{a}1] [a,,,a] [,d,a] | \
[c{a}1] ,,,,a ,,,a | \
[d{a}/] c [a,,,a1] [,d,a] | \
[f{a}1] ,,,,a ,,,a | \
[d{a}/] c [a,,,a] c [d,,a] a | \
[c{a}1] ,,,,a ,,,a |";
35;;25v;Volta;;;OT;;3/4;",,d1 [,,dca] {,,,a}/4 ,,a ,,c ,,d | \
[,a,,a1] ,,,c/ ,,c ,,d ,a | \
[,b,,a1] {,,,a}/ ,,d ,a ,b | \
[,d{,,,a}1] ,,b/ ,a ,b ,d |";
36;;26r;Passemeze;;;OT;;C;",,d2 ,a | \
[acd,a1] {,,,a} [add] [acd{,,,a}] | \
[cdd{,,a}1] [acd{,a}] [,da{a}] ,c/ ,a | \
[acd,a1] {,,,a} [acd] a/ c | \
[a,,,a1] c [,d,,c] c |";
37;;27r;Courante Gothier;Gaultier / Robert Ballard;CLFBal I N°53;OT;ConcR511;3/4;",,b1 | \
[,,bcd1] {,a}/ ,,d ,,b1 | \
,,,c1 ,,,,d a | \
[a,,,d1] {,a}/ b a1 | \
,b1 d ,,,,d | \
[bbc,,b3] | \
[a,,,d3/2] d/ b a |";italian7tab
38;;27v;Courante;;;OT;;3/4;"d1 | \
[db,c1] ,,,a ,,,,d | \
[dd,,c3/2] b/ [a,,,d1] | \
[,g{d}/] ,f [,d,,,d3/2] ,,g/4 ,d | \
,,g1 {,a}/ ,d a b | \
[d,,c1] ,b [f,,d] |";italian7tab
39;;28v;Courante F.R.H.;;;OT;ConcR512;3/4;"d1 | \
[dfg,d2] [f,,d1] | \
[db,c2] [b,,a1] | \
[ab,,d1] d b | \
a1 [,bd] [,ab] | \
[,,dd1] f d | \
b1 [bd] [ab] | \
[,df1] ,,,f ,,,d |";italian7tab
40;;29r;Saltarello;;;OT;;3;"a/ ,c ,d [acd,a1] {,,,a} | \
,d/ ,c [,d,,,c1] [a,,,,d/] ,d | \
[cd,a1] [cdda] {a}/ d c a | \
[c{a}/] [{,,a}] [,d{,,a}] [,cd,a] {,,,a}";
41;;29v;Galliarde;Charles Bocquet;CLFBoc I N°13;OT;ConcR417;6/4;"d3/2 b/ [ab2] [,dff] | \
[,bd3] ,,b1 [,bdd2] | \
[,b,c2] [,d,a1] a b ,a | \
[a,,,d1] {,a} d b a ,b | \
[,,bac1] ,,d/ ,a ,b1 ,,,,c";italian7tab
42;;30v;Courante;Robert Ballard;Deuxième angélique;OT;ConcR396;3/4;"d1 | \
[dfg,d3/2] f/ d1 | \
[f,,d3/2] i/ [h,,f] f/4 h | \
i1 {,a} ,,,f | \
[ifg2] [h,,f1] | \
[ffgh1] ,,,,h [,ig] | \
[b,dd1] ,a/ d [ab,,d1] |";italian7tab
43;;32v;Corant:;;;OT;ConcR143;3/4;",d/ a | \
[bdda1] d/ b | \
[a,,,a1] ,d [,c,c] | \
[,daa2] {a} ,,,a1 | \
f1 [f,,d] d/ ,f | \
[d,,,d1] ,g/ ,f | \
[bbdd2] ,,,,,b1 [bbd]";
44;;33r;La Volta della Regina;?Robert Ballard;La Courant Sarabande;OT;Conc_1756;3/4;",,d/ ,a ,c1 ,d | \
[acd,a1] c/ a [,c,,b1] | \
,,d/ a [acd,a1] {,,,a} | \
[cdda1] a [,da,c] | \
[,cdca2] {,,,a} [,cd] ||";
45;;33v;[Ballet];;;OT;;C;"[,da{a}/] a c d f1 [a,,,e] | \
[cdda{a}/] ,,,,,a [,c,,,c] ,,,,,d [ac,,a1] [,,d,,c] | \
[,ab,,d1] ,c/ ,d ,,,,,c1 ,,,,,a | \
,d/ [,c,,a] ,,b";
46;;33v;[Courante];Julien Perrichon;CLFVau N°17, p. 63;OT;ConcR129;6/4;",d1 b d f ,d ,,,a | \
[,d,d1] [a,b] ,d/ ,d ,,d c | \
[,daa1] {a} f [f,,d] d/ b [a,,,d1] [b,,ab] d |";
47;;34v;[Courante];;;OT;ConcR214;3/4;"f/ d | \
[c,,a1] ,a [a,,,d] | \
[,d,,c1] ,,b [,b,,a] | \
[,ac,,d1] ,,d ,,b | \
[,,,,fd1] d c | \
[a,,,e1] ,,d [c,,a] | \
[,d,,c1] ,,c a |";
48;;35r;[Ballet];;;OT;;C;"[,da{a}1] a/ c ,d a f | \
[,,dca1] f/ ,a ,a ,c a [cd] | \
[acd,a1] {,,,a} [ac] [da{a}/] ,c ,d |";
49;;35v;[Ballet];;;OT;Conc_316;C;",,,c1 ,,a | \
[,,bc,a1] ,,d [,a,,,d] [,,da{a}] | \
,a1 [,,b,,a] ,,d2 ,,a {,,a} \
,,,,c [,aab] ,a b | \
[,d,,c1] ,,b [,b,,a] ,d |";
50;;36v;Corant:;Julien Perrichon;;OT;ConcR129;3/4;"[cd1] ,c/ b d f | \
,d1 [,,,ae] [,d,c] | \
[a,d1] ,d [,cd] | \
[,dcb{a}1] ,,,a f | \
[f,,d1] d [b,,a] | \
[a,,,d1] [b,,,b] [d,c] |";
51;;37r;Courante;;tab almost unreadable;OT;;3/4;",a/ ,c ,e | \
a/ c [a{,,a}2] | \
[fdd3/2] e/ f ,f";italian7tab
52;;37v;Courante;;;OT;ConcR379;3/4;"[ca3/2] d/ c1 | \
[,af3/2] ,c/ ,d1 | \
[c,a1] ,,c ,,e | \
[,af/] ,c ,d a c a | \
f3/2 h/ f1 | \
[e,,,e1] ,h [,g,g] |";italian7tab
53;;38v;Galliarde / Perrichonij;Julien Perrichon;CLFVau N°7, p. 46;OT;ConcR514;6/4;",a1 ,c | \
[,dfec3] ,f1 [cdf2] | \
[ccd2] [,ab] a | \
[cde3] ,,,c1 [ca,b2] | \
[db,c2] ,,,,e1 c [a,e2] | \
[,efec3] ,f1 c f |";italian7tab
54;;39r;Passaggio;;;OT;;C;"a/ c d a c d f d | \
c/ a ,e ,c ,e ,a ,c ,e | \
,f/ ,e ,c ,a ,,e ,a ,c ,,e | \
,a ||";italian7tab
55;;39r;Praeludium;;;OT;;C;"a/ c d c a ,d ,c | \
,,d/ ,a ,c ,,d ,,b [,,cc] | \
,,,a/ ,c ,d ,c ,a ,,d ,,c ,,a |";
56;;39v;Courante;;;OT;;3/4;"c1 | \
[caa,c2] a1 | \
[c{,,a}1] a/ ,d a c | \
a1 ,,,,c ,c | \
[,da1] ,,,,c [a,d,e] | \
[cdda1] {a} a | \
[,d,,c3/2] a/ c e |";italian7tab
57;;40r;Courante;;;OT;;3/4;",a1 | \
[,aa,c3/2] ,c/ ,d a | \
[,c,,,c1] [,df] [ac] | \
[c,d1] ,,,,c ,,,,e | \
[c,,a3/2] d/ f ,,,,,c | \
[,d,,c1] [a,,,a3/2] ,d/4 a |";italian7tab
58;;40v;Pavana / Douland;;;OT;Conc_4439;C;"[,cee4] | \
[,cee2] [,df] | \
,,,e1 [,df] [,ce] [,ac] | \
[,cd1] ,,,e [,,cd] [,,ab] | \
[,cce2] [,,eeec3/2] ,d/4 ,f | \
[,df,c1] ,f [,df] ,,d |";italian7tab
59;;42v;Canzonet;;;OT;;C;"[cd,,c2] {,,a}1 [ac,,,a/] [,df] | \
[,ce,,c2] [,ce1] ,,,e | \
[,h,a1] f ,,,,,c [df/] [cd] | \
[acd,a1] ,,,c [,cd3] [ac,,a1] [ac,,a3/2] [aa,,,e/] |";italian7tab
60;;43v;Toccata;;;OT;ConcR163;C;"[caa,c{,,a}1] ,a/ ,c ,d a c e | \
[fca1] ,,,,,c/ ,,,,,e ,,,,a ,,,,c ,,,,e ,,,a | \
[ea,c2] ,,,,,a/ ,,,,,c ,,,,,e ,,,,a |";italian7tab
61;;45r;Toccata;;;OT;;C;"[cdda{a}/] ,,,,,a [,,d,,c] [,a,,,d] [,c,,a] [,d,,c] [a,,,e] [c,,a] | \
[d,,c/] [c,a] [a,b] [,da] [a,b] [,da] [,c,c] [,a,a] | \
[,cdca1] ,d/ ,,,,,d ,,,,,c ,a [,c,,,a1] |";
62;;45v;Volte;;;OT;Conc_4501;3/4;",a1 [,af] ,c | \
[,df3/2] a/ ,d1 | \
[,dc1] [,ab] a | \
[c,a3] | \
[c{a}/] d f1 [c,,a] | \
[,acc,a1] [,,d,,c] [,a,,,d/] ,c | \
[,d,,c1] [,c,,a/] ,d [,a,d1] |";italian7tab
63;;46v;Courante;Charles Bocquet;CLFBoc I N°22;OT;ConcR513;3/4;",a1 | \
[,af2] [,ce1] | \
[,df3/2] ,,d/ [a,c1] | \
c1 ,,a e | \
f/ ,,c ,,d ,a [ec1] | \
[cd1] e [a,d] | \
[,df1] ,f [,df,c] |";italian7tab
64;;47v;Courante;;;D-G-f#-a-d'-f'#;ConcR516;3/4;"a1 | \
[aaa,a3/2] b/ [aaa1] | \
[,c,,c1] ,e [,a,,,a/] {a} | \
{,a}1 [aaa{,,a}3/2] b/ | \
d/ {,a} [d{a}3/2] [b,,,,a/] a | \
[d{a}1] ,a f |";italian7tab
65;;48r;Courante;;;D-G-f#-a-d'-f'#;ConcR1068;3/4;"a1 | \
[aaa{,,a}3] | \
[bc{,a}3/2] d/ b1 | \
a1 {,,a} ,,,,a | \
[aaa3/2] b/ d ,a | \
f1 ,,,,,a [d{a}] | \
[bc{,a}1] ,,c ,,e |";italian7tab
66;;48v;Courante;;;D-G-f#-a-d'-f'#;ConcR517;3/4;"a1 | \
[aaa{,,a}3] | \
f1 {,a} [d{a}/] b | \
a1 {,,a} ,,,,a | \
[aaa2] ,,d1 | \
[,c{,,,a}1] ,,a ,b | \
[,a,,,e3/2] ,e/ ,c ,a |";italian7tab
67;;49r;Courante;;;D-G-f#-a-d'-f'#;ConcR518;3/4;"d1 | \
[daaaa3/2] d/ [b,,,c1] | \
[aaaa1] ,,,b [,ca] | \
,e1 ,,f ,,e | \
[,ac1] ,c [,ea] | \
b1 ,,,b/ d f1 | \
[,a,,a1] ,c [,e{a}] |";italian7tab
68;;49v;Courante;La Barre;CLFVau La Barre N°1;OT;ConcR519;3/4;"c1 | \
[c,,,c1] d [a,,,e] | \
[c,,a3/2] a/ [,db1] | \
[,d,c1] [,cee3/2] ,a/4 ,c | \
,a1 ,,,,c ,,a | \
[h{,,a}1] [ha] k | \
[l,,k1] [l,a] [k,,h] |
";italian7tab
69;;50v;Allemande M V S J C A;;;D-G-d#-g#-c'-f';;C;"d1 | \
[ddef1] [cdca] [aaac] [,d,,e] | \
[df,,f1] ,d/ ,,f [,aaaa1] [,d,,e] | \
[,,f,f/] ,,,h [,aaaa1] [,,c,,a] ,a/ ,,c | \
[,aaaa1] {,,,a} [,aaa] ||";italian7tab
70;;51r;Allemande B S J F;;;D-G-d#-g#-c'-f';;C;"[,daaa2] {,,,a}1 [,f,,f] | \
[,dca,a3/2] ,b/ [,aaaa2] | \
[,daaa1] [,d,,e] [,,f,f] [,aaaa] | \
[,,ca,a2] [,,aaa] | \
[,daaa3/2] ,d/ [a,,,,c1] [cdc,,a] | \
[daaaa3] [,daaa1] |";italian7tab
71;;51v;Praelude;;;OT;;C;",,,,,c/ ,,c ,,d ,a ,c ,,d ,a ,c | \
[,d,,c3/2] ,c/ ,a ,,d ,,c ,,a | \
[,,,de1] ,,,e [,,cee] ,,,d | \
[cceeec4] ||";italian7tab
72;;51v;Aliud (praelude);J. B. Besard;CLFBes N°4;OT;ConcR571;C;"[ccdeec1] c ,c ,,d | \
,,,e1 ,,,,e [ccdeec] ,,,,,e | \
[,c,,a1] ,,a [,e,,c] [a,,,e] | \
,,d1 [c,,a] [ea,c] ,c | \
[f,,e1] ,,d [c,,a] ,,a |";italian7tab
73;;52r;Courante Gothier;;;OT;ConcR1221;3/4;"c1 | \
[ccc,,c2] ,,,,,a1 | \
{a}1 [,a,a3/2] ,,d/4 ,a | \
,c1 {,a} ,,,,e | \
[,ccc2] ,,,,c1 | \
[,c,,a1] ,,a [c,,,,c] | \
e1 ,,,,,e ,,,d | \
c1 ,,,,,c ,,,,e |";italian7tab
74;;52v;Courante / Novella Galilei;;;OT;ConcR520;3/4;"c1 | \
[ccde2] e1 | \
[eccd2] f1 | \
[caaa3/2] e/ c1 | \
[,ghg{,a}3] | \
[,ccc{,a}1] ,e a | \
[c{a}1] ,a e | \
[a{,,a}1] ,,d c | \
[,d{,,a}3/2] a/ c e |";italian7tab
75;;53r;Courante;;;OT;ConcR1069;3/4;",,a1 | \
[,,ae3/2] ,,c/ ,,d1 | \
,,,c1 [,a,a3/2] ,,d/4 ,a | \
[,c{,a}3/2] ,e/ a c | \
e3/2 {,,a}/ [f{,,,a}1] | \
[h,,,,e2] [k,,,a1] | \
[f,,e1] e/ d [h,,g1] |";italian7tab
76;;53v;Courante / Galilei;;;OT;Conc_1778;3/4;",c1 | \
[,cde3/2] ,,,d/ ,,,e1 | \
[,,cd1] ,c ,a | \
[,,ddec1] [,,c,,a] [,,a{a}] | \
[,,cd{,a}1] ,,,,e ,,,d | \
[,,cc2] e1 | \
[f,a1] ,c [e,,c] |";italian7tab
77;;54v;Courante / D.;;;OT;;3/4;"c1 | \
[cdde1] ,,,c ,,,a | \
[,ccde3/2] ,,,,c/ ,,,,a ,,,,,e | \
,,,,,c1 [ccd] ,,,,,e | \
,,,,a1 [acd] [,d,,c] | \
,,c1 [,c,,e] ,,d | \
,,,a/ ,c ,a3/2 ,,d/4 ,a |";italian7tab
78;;55r;[Chanson];;CLFValII N°29, mes. 109-121;OT;ConcR521;C;"[cdda{a}1] [cdd] [cdda] [dba,c] | \
[ab,,d] [cdda] [dab,,d2] | \
[cdd{a}1] a/ c [acd,a1] [,da,c] | \
[,ab,,d1] [,cd,a] [,daa{a}2] ||";
79;;55v;Courante / Galilei;;;OT;;3/4;",,,e1 | \
,,,d ,c ,,c | \
[,,de3/2] ,,c/ ,,d1 | \
[,c,c1] [,aaa3/2] ,,d/4 ,a | \
,c1 ,,,,e {,a} | \
,,c1 ,,,c ,,d | \
[,,aa{a}3/2] ,,c/ ,,d ,a |";italian7tab
80;;56v;Volte / Besardi;;CLFBes N°49;OT;ConcR522;3/4;"a/ ,d [,c,,a1] [,a,,,a] | \
,,d1 ,,,,a [,a,,,e] | \
[,c,,a1] ,,,,,c/ ,a ,c ,e | \
,a1 ,,,,,a {a} | \
[a{,a}3/2] ,,d/ [,,c,c1] | \
[,,a,a1] [,,ae,e] ,,,d |";italian7tab
81;;57v;Volte / Lepin;Charles de l'Espine;;OT;Conc_274;3/4;"[,cde1] c [e,,d] | \
[f,,e3/2] h/ f1 | \
[e,,,e1] ,h [eg] | \
[ccd,,c3] | \
[,,ae1] ,,c ,,,d | \
[,,de3/2] ,a/ [,c{,a}1] | \
[c{a}/] a ,d ,c ,a ,c |";italian7tab
82;;58v;Volte / Mercurij;Mercure d'Orléans;CLFMer I N°14;OT;ConcR523;3/4;"[a,,,,a/] c e a h e | \
a/ ,a ,,c ,,,c ,,,,c ,,,,,e | \
,,,,,a/ a e a h1 | \
[caa,c2] {,,a}1 |";italian7tab
83;;59v;Courante / M G(alilei);;RISM A/I G 143, p.24;OT;ConcR524;3/4;",,a/ ,,c ,,d1 [,ac] | \
[,cd1] ,,,e ,,d | \
[,,c,e3/2] ,,d/ ,,c ,,,d | \
[,,ae1] ,,,,,c f | \
[h,aa3/2] f/ h k1 | \
[e{,a}1] ,f f |";italian7tab
84;;60v;Courante;;;OT;;3/4;",,,,e1 | \
[,,ae3/2] ,,c/ [,,d,,c] ,a | \
[,cd,a1] [,aa,c3/2] ,,d/ | \
[,,cee1] {,a} ,,,,e | \
[,ccd3/2] ,e/ a1 | \
[,c,,e1] ,,c [e,,c] | \
[c,,e/] a [,e,,,e1] c/ ,a |";italian7tab
85;;61r;Courante;;;OT;;3/4;"c1 | \
[ccdeec3] | \
[,g,,e1] ,,h [c,,,c/] e | \
[f,,,a1] {,,,a}/ h f h | \
[k,,,a1] [e,,,,e3/2] f/ | \
h1 [,h{a}3/2] e/ | \
[f{,a}1] e/ f ,h e |";italian7tab
86;;61v;La Volte;;La Picarde, CLFValII N° 23;OT;ConcR487;3/4;",,d1 | \
[,dda{a}3/2] a/ c1 | \
[c,,a1] [a,,,a3/2] ,d/4 a | \
,d1 {a} ,,,a | \
f1 ,,,a [da,c] | \
[edda1] a [,da,c] | \
[,cd,a1] {,,,a} [,da,c] |";
87;;62v;Tocata;;;OT;;C;"[,daa1] a [cdd{a}] d | \
[,daa1] ,,,,d [d,,c] [c,,a] | \
[dab,,d1] c/ a ,d1 [a,,,d] | \
[,da,c1] ,,,,a/ ,,,,,d ,,d ,,,,,c ,,,,,d ,,,,a |";
88;;62v;Courante;;;OT;Conc_3506;3/4;",a1 ,,d | \
[,,b,,a1] ,,,c [,a,,,d] | \
[,c,,a1] ,e [a,,,a] | \
[,e{a}1] a/ c d a ,,,,,a ,a | \
,b1 {a} ,a |";
89;;63v;Ballete Grurio / (unreadable);;;OT;;C;"[acd,a1] a/ {,,,a} [,c,,a1] ,,d | \
[,acc1] ,,,,,a [,cd,a{,a}] {a} | \
[acd,a1] ,,,,,a/ ,d [,cd,a1] {,,,a} | \
[,acc1] ,,,,,a [,cd,a] {,,,a} |";
90;;64r;[Ballet?];;seconde partie?;OT;;C;"[acd,a1] a/ ,c ,d ,a [,cd,a1] | \
[acd,a1] ,c/4 ,d a ,c ,d ,c ,d ,a [c{,,,a}1] | \
[,,d,a/] ,,d [,,d,a] ,d a1 [,cd,a] |";
91;;64v;Corant:;;;OT;Conc_3506;3/4;",a/ ,,d | \
[,,b,,a1] ,,,c [,a,,,d] | \
[,c,,a1] ,e [a,,,,a] | \
[,e{,,a}1] a/ c d1 | \
a/ ,,,,,d ,a ,b {a} ,a | \
[,,cc1] {,a}/ ,,d ,,b ,,d |";
92;;65r;Corante;;Title on preceding page;OT;Conc_3505;3/4;"f1 | \
[fd{a}3] | \
[b,,a1] ,d f | \
[bad,,d3/2] f/ d b | \
[d,,,b1] ,d ,,,,,d/ b | \
[bb,,,b1] ,,,,d ,,,d | \
[bbd1] ,,,,a ,,,,b |";
93;;65v;Galliarda;;Title on preceding page;OT;;3/4;"[,,d,a/] ,a ,b ,,d [,adc] ,,c | \
[,,dca1] {,,,a} [,,dca] | \
[,b,,d/] ,d a ,b [,db,,d] ,a | \
[ab,,d1] ,,,c [ab,,d] | \
[ab,,d/] ,a [,db,,d] ,a [,bd,a] ,d |";
94;;66r;Saltarello;;;OT;;6/4;",d1 a [ccda3/2] {a}/ d1 [cdda] | \
[,d,,c1] c [a,,,d] d [cdda] f | \
[dab,,d3/2] ,,d/ ,,b ,,a [dab,,d] ,,,,,c ,,,,,d ,,,,a ,,,,c ,,,,e |";
95;;66v;sans titre;;;OT;;6/4;"[,da{a}] ,d/ a [cdda1] c/ a [,d,,c1] [acd,a] | \
[cdda2] {a} [cdd1] d/ f [fdaa1] | \
d/ c [acd,a1] ,c | \
[,daa1] {a} [,daa] ||";
96;;67r;Passaggio;;;OT;;C;"a/ b d a b ,d a ,b | \
,d/ ,a ,b ,,d ,a ,,b ,,d ,,a | \
,,b/ ,,,c ,,,d ,,,a ,,,c ,,,,d ,,,a ,,,,c |";italian7tab
97;;67r;sans titre;;;OT;;C;",d/ a | \
[c,,a/] ,d a c [da,c] a c d | \
[cdda1] {a} ,,,a a/ c | \
[d,,c/] c d a [c,,a1] a/ ,d |";
98;;67v;Courante / Gothier;;;OT;;3/4;",a1 | \
,,b1 ,,,c [,,ab] | \
[,,bc,a1] ,,,,d ,,d | \
[,aa{,,a}1] ,,b ,,,c | \
[,aab3/2] ,,d/ ,,b ,,a | \
[,,bc1] ,,,,,a [,,d,,c] | \
[,a,,,d] [,,b,,a] ,c |";italian7tab
99;;68v;Volte / Gothier;;;OT;Conc_1773;3/4;",,b1 ,,,c [,,de] | \
[,aff1] ,,,,,d ,,g/ ,,f | \
[,,d{a}3/2] ,a/ [,,b,,a] ,,d | \
[,,a,c2] {,,a}1 | \
,a3/2 ,c/ ,e ,a | \
[af1] ,,,,,a d |";italian7tab
100;;69v;Courante / Messengeau;Mesangeau;CLFMes N°4;OT;ConcR572;3/4;",a1 | \
[,abcca1] ,a/ ,c ,d1 | \
,f3/2 ,h/ ,f1 | \
[,e{,,a}1] ,,f ,f/ ,h | \
,i1 ,,,,h [,hf] | \
,f1 ,,g [,df] | \
,f1 [,bd3/2] ,a/4 ,b |";italian7tab
101;;70v;Courante / Messengeau;Mesangeau;CLFMes N°5;OT;ConcR573;3/4;",a1 | \
[,abdda3] | \
{,,,a}1 [,b,ca3/2] ,a/4 ,b | \
,a1 {,,a}/ ,,d ,,b ,,a | \
[,,b,a1] [,,a,c3/2] ,,,c/4 ,,a | \
,,,c1 ,,,,,a [,,d,d] | \
[,,b,c3/2] ,d/ [,b,,a1] |";italian7tab
102;;71r;Courante / Messengeau;Mesangeau;CLFMes N°6;OT;ConcR574;3/4;"a1 | \
[aabc1] ,,,a3/4 ,,,,d/4 ,,,,c1 | \
[df1] [ce3/2] ,f/4 c | \
,f1 ,,,,,a ,d3/4 ,b/4 | \
[,a,c3/2] c/ [d,a] f | \
[h,,f3/2] f/ [,i,,h1] |";italian7tab
103;;71v;Courante / Boqueti;Charles Bocquet;CLFBoc I N°21;OT;ConcR575;3/4;",a1 | \
[af,,,a1] ,e c | \
[df1] ,,,,,a [c,a{a}] | \
[a,b{,a}1] [c,d] a | \
[,ef1] {,,a} ,,d | \
[,,bc,a1] ,d [,b,c] | \
[,aff1] [,,d,f3/2] ,,,f/4 ,,d |";italian7tab
104;;72r;Passomezo;;;OT;;6/4;",d1 | \
[cdda2] ,d1 c/ d f ,,d [daa] ,c | \
[cdda2] [cc/] ,d [,c,c] [,a,a] ,,d [,,a,a] | \
[,ab,,d2] ,,b/ ,a";
105;;72v;Passome[zo];;;OT;;C;",d/ a | \
[cd,a1] ,a/ ,c ,d a c d | \
[f,,a/] c d f [d,,c] a c d | \
[c,,a/] d c a [,d,,c] a c ,d |";
106;;73v;sans titre;;;OT;;3/4;"[acd,a1] | \
[cdda/] a ,d ,c ,a ,,a | \
[aacc1] ,,,,,a [aac] | [a,,,e] | \
[,d,a/] ,c ,a ,,d [,,cc] ,,d ,a ,,c [acd,a] {,,,a} [acd] |";
107;;73v;Corant;;Courant Nesta;OT;Conc_276;3/4;"a1 | \
[a,d3/2] b/ [d,,a1] | \
[b,,a3/2] a/ [,d,,c1] | \
[ab,,d2] {,a}1 | \
[ab3/2] ,d/ [,b,,a1] | \
[,d,,c1] ,,,,,d a | \
[,b,,a1] ,,,,,c ,d | \
[aacc2] {,a}1 | \
[aac1] ,,,c ,,,a |";
108;;74v;Canzon;;;OT;;C;"[,,d,a1] {,,,a}/ ,a ,b ,,,,a ,,,,,e ,a | \
,,,,a/ ,b ,a ,,d [,ac,,a1] ,,,c | \
[,,d,a/] ,,,,,d ,a [,b,,,b] ,a ,b ,d |";
109;;75r;Pauana;;barely readable;OT;;C;",,d1 | \
[,dca1] a/ b d b a ,d | \
[,,dca1] [f,,d] [d,,,c] [b,,a] | \
a1 ,c [,db] [a,d] |";
110;;75v;Ballet;Robert Johnson???;Pavan / Ballet, CLFBal II , p.66;OT;ConcR687;C;",,d/ ,a | \
[,b,,a1] [,a,,,d] [,,d,a] [,,c,,a] | \
[,,d,a1] ,,,c {,,a} ,,d/ ,a | \
[,b,,a1] [,a,,,d] [,b,,a] [,da,c] | \
[a,,,d1] ,,b ,,,,d a/ b |";
111;;76r;Ballo / Francese;;;OT;ConcR801;C;"[,dda/] ,c ,d a [b,,a1] [d,,,,d/] b | \
[a,,,a/] ,d a ,c | \
[,daa{a}1] [c,a/] a b ,,,,d ,,,,b a ,d ,,,,,d | \
,,,,a/ ,d [,c,,a] a [,daa] {a} ||";
112;;76v;Volte;;;OT;ConcR100;3/4;",d1 c d | \
[fda2] h1 | \
[d,,c2] f1 | \
[cdda3/2] a/ ,d1 | \
d/ c a1 ,d | \
[cdda3/2] c/ [a,,,a1] | \
[,d,,,c1] [a,,,,d] [,c,,a] |";
113;;77v;Courante Sabar;?Robert Ballard;La Courant Sarabande;OT;Conc_1756;3/4;",c/ ,d | \
[acd,a3/2] c/ a1 | \
[,cd,a1] {,,,a} a | \
[acd,a3] | \
[cdda{a}1] a ,d | \
[,cd,a1] {,,,a} ,,,,a | \
[,cd,a1] [,a,,,a] ,c | \
[,dda{a}3/2] a/ c1 |";
114;;78v;Canson praeludium;;Prelude;OT;ConcR502;C;"[abd,a/] ,d a ,b [,d,d] ,a ,d ,a | \
[,b,c/] ,a ,b ,,d [,a,a] ,,d ,a ,,b | \
[,,d,d/] ,,b ,,d ,,a";
115;;79v;Chanson / D;;;OT;;C;",,,,,a2 [aacc] | \
[caabc1] {,,a} [cd] [ea,c,a] | \
[fc,,,c1] [ea,c,e] [cc,,a] [,ea,c] | \
[aacc2] ,,,,,a1 [e,,c] | \
[f,,e1] [e,,,e] [c,,b] [aacc] | \
[aa,,e/] ,,e";italian7tab
116;;80v;Courante D;;;OT;Conc_3470;3/4;"e1 | \
[e,,c3/2] f/ e1 | \
[c,,,c1] ,f ,e | \
,f1 ,,,,e ,,c | \
[,f,,e1] [,e,,c] [,c,,a] | \
[,a,,,e3/2] ,c/ ,a1 | \
[,,d,,c1] [,,ccca] ,,d/4 ,,c ,,a ,,,c |";italian7tab
117;;81r;Chanson / Lepin;Charles de l'Espine;;OT;ConcR503;C;"a1 | \
[af3/2] c/ a1 | \
[ca1] e c | \
[af3] | \
,,,,,a2 h1 | \
[hf3/2] e/ c1 | \
e1 ,,c c/ a | \
[,ea,c1] [a,,,e3/2] ,e/4 a |";italian7tab
118;;81v;Corante;;;OT;;3;"[acd,a3/2] ,d/ ,c1 | \
[,acc2] ,,d/ ,a | \
[,cd,a2] [,ea,c1] | \
[acc,,a2] ,,,c1 | \
[,,d,a2] ,a1 | \
[,cd,a2] [,d{a}] | \
[,acc,a2] ,,d/ ,,c | \
[acd,a2] {,,a}1 |";
119;;82r;Passepied;;;OT;ConcR86;C;"[,,dca3/2] ,a/ ,b1 | \
[,a,,,a1] ,,c ,,,c | \
[,,dca3/2] ,a/ ,b1 | \
[,a,,,d1] ,,b ,,,a | \
[,bd,a3/2] ,d/ [a,,,,d1] | \
[,dda,d1] ,a [,,b,,a] | \
[,,d,a1] ,b [,a,,,a] |";
120;;82v;sans titre;;;OT;;C;"f3/2 d/ | \
[c,,a1] [h,,f] [f,,e] [d,,c] | \
[cdda1] [cdd3/2] f/ d1 | \
c1 a [,d,,,c] [a,,,,d/] ,d | \
[acd,a1] {,,,a} [acd3/2] [ad/] | \
[,c,,a3/2] [,d,,c/] [a,,,c1] [c,,a] |";
121;;84r;sans titre;;unfinished;OT;;C;",d1 [,ddc] {a} | \
a1 c ,d f | \
[,dda3/2] {a}/ [,dda2] | \
c1 c d f | \
[f,,a1] d/ c [acd,a1] {,,,a}";
122;;84v;Fuga;;;OT;Conc_3465;C;"f2 f1 f | \
d1 a/ b d1 d | \
[bd1] ,d/ a [bd1] [bd] | \
[ab1] ,,d/ ,a [abd1] a | \
[,ab1] ,,,c/ ,,a [,ab1] [,ab] |";
123;;85v;Corant;Gaultier;;OT;Conc_3505;3/4;"a1 | \
[abd,a3] | \
[,b,,a1] ,d [a,,,d] | \
[,dba,d3/2] a/ [,b,,a] ,d | \
[,a,,,a1] ,,b ,b | \
[,bbcd3] | \
[,dba,d1] ,b ,d | \
[a,,,d1] ,,,,d/ ,d ,b ,d |";
124;;85v;[Courante];;;OT;;3/4;"f1 | \
[f,,a3/2] d/ f1 | \
[c,,a3/2] d/ f1 | \
[da,c1] c a | \
,d1 ,,,a ,,d | \
[,,da{a}3/2] ,,b/ ,,d1 | \
[,,aa{a}3/2] ,,b/ ,,d1 |";
125;;86r;Supplementu;;;OT;ConcR530;3/4;"[,d{a}1] ,,,,a [,c,a] | \
[,a{a}1] ,,,,a [,,da] | \
[,d{a}1] ,,,,a [a,,a] | \
[c,,a{a}1] ,,,,a ,,,a | \
[f{a}1] ,,,,a ,,,a | \
[c{a}1] ,,,,a ,,,a | \
[f{a}1] ,,,,a ,,,a |";
126;;86v;deutscher tantz;;;OT;;C;"[,cda1] | \
[,dc1] a/ c [cd,a1] a/ ,d | \
[,cd,a1] ,,,c || [,cdca1] | \
[,dda1] a/ ,d [,abad1] ,a/ ,c ,d | \
[,cdca1] ,,,c ||";
127;;86v;dantz;;;OT;;C;",a/ ,c | \
[,dda1] [,dd] [,dd] [acd,a] | \
[cdda1] {a} ,d [acd,a] | \
[cdda1] [cdd] [cdd] [acd,a] | \
[cdda2] [acd,a1] f | \
[fdaa1] d/ c d c a ,d |";
128;;87r;Balleto del Ser.mo Alberto Suizza;;;OT;ConcR2405;C;"[f{a}3/2] d/ [b,,a1] [a,,,e] | \
[,dda1] ,c [,d,a/] ,c ,d a | \
[b,,a1] [a,,,d/] b d f [b,,a1] | \
[acd,a1] ,,,c [acd2] |";
129;;87v;Alleta Vita;;;OT;ConcR525;3/4;"[,,de1] | \
[fdaa1] [fdaa] [dab,,d] | \
[cdda3/2] a/ [,dda1] | \
[fdda1] [fdda] [dab,,d] | \
[cdda2] [,dda1] | \
[fdda2] [dabc1] | \
[cdda1] {a}/ a [,dda1] |";
130;;87v;Volta;;CLFBal II, p.XI & 41;OT;ConcR531;3/4;"[cdda1] [ac,,a] [,da,c] | \
[acd,a2] [cdda1] | \
[dab,,d3/2] f/ [cdda1] | \
[acd,a2] {,,,a}1 | \
[cdda1] [aca,a] [,d,,c] | \
[,c,,a1] [,a,,,d/] ,c ,d a |";
131;;88r;Volta;;;OT;ConcR100;3/4;",d/ a c d [fda{,a}2] h1 [dab,,d2] f1 | \
[cdda{,a}2] ,,,a1 d/ c a1 ,d [cdda{a}] ,,d1 ,a/ ,c [acd,a1] [,dda{a}] ||";
132;;88v;Volta / Brandl;;;OT;;C;"[,,dca2] a | \
[f,,,a1] a ,b [,,d{,,,a}] | \
[,b,,a/4] ,d a/ ,d ,b [,a,,,a/4] ,b ,d/ ,b ,a | \
,,d/4 ,a ,b/ ,a ,,d [,,c,,a1] ,,,c |";
133;;89v;Curante;;La Duret, CLFVal N°73, CLFBal I, p. XVIII;OT;ConcR431;3/4;",,,c1 | \
[,,dca3/2] ,a/ ,b1 | \
,,d1 ,a/ ,,d [a,,,,e1] | \
[add,a1] d/ b a1 | \
[,d,,c1] ,,f {,a} | \
[a,b,d1] b d | \
[,b,,a1] [,a,,,d3/2] ,,d/4 ,a |";
134;;90v;Curante Robinella;;;OT;Conc_1770;C;"[bdaa2] [acd,a1] a | \
[,dda{a}1] a/ ,d [,c{,,a}1] [,cd,a{a}] | \
[,dba,d1] ,d/ ,,,,,b [a,,,,a1] [a,,,e] | \
[,,da{a}1] ,,,,a ,,,a ,d/ a |";
135;;91r;Curant;;continued on ff 93v, 94v;OT;Conc_1751;3/4;"a1 | \
[ab,,d3/2] b/ a1 | \
[,dba,d1] ,a/ ,b ,d a | \
[,bbcd1] {,,,a} ,,,,d | \
[,bbc2] d1 | \
[dfg,d3/2] f/ d1 | \
[bbdd2] [ab,,d1] |";
136a;;91v;Balleto di Gothier;;Ballet du Grand Turc;OT;Conc_1776;C;"[,dff{4}3/2] ,b/ [a,,,d] ,,b [a,b,d1] | \
[,dffb3/2] a/ c [d,,c] ,,,,d [f,,e1] | \
[e,,f] [i{,,a}/] h [f{,a}] ,i [f{a}] ,h |";italian7tab
136b;;92r;La seconda parte;;;OT;;C;",,,c/4 ,,a ,,b ,,d ,a ,b | \
[,ddff{4}3/2] ,b/ [,a,,,d] ,,b ,,,,d [a,b] | \
{4}/ [,dff] a c [d,,c] ,,,,d [f,,e] ,,,,f |";italian7tab
136c;;92v;La Terza parte;;;OT;;C;"[,dff{4}3/2] ,d/ [,f{,a}] ,i [,h{a}] ,i | \
[,i{4}3] ,l1 | \
[,l,,k3] ,i1 | \
[,hf1] ,h [,f,,,f] ,,i | \
[,,i{a}3] ,,g1 | \
,,g3 ,,f1 |";italian7tab
136d;;93r;La quarta parte;;;OT;;C;"[,dff{4}3/] ,b/ [,ab] d [,b,c] [,d,e] | \
[,,ff1] {4} [,,g{,a}2] | \
[,,i{,,a}3/2] ,f/ {,a} ,h {a} f | \
[,i{4}2] ,h/4 ,i ,f/ [,,i{a}] {,a} |";italian7tab
137;;94r;Corrente;;Volte appellée la Samaritaine, RISM B/I 1627 (26), p. 40;OT;ConcR532;3/4;"a1 | \
,,d3/2 ,a/ ,,c ,a | \
,,d3/2 ,,,c/ ,,,a ,,,c | \
,,,,d/ ,,,a [,,,,ca3/2] ,,,,a/4 ,,,,c | \
,,,,a2 {,,,a}1 | \
,,d/ ,a ,b ,,,,a";italian7tab
138;;94v;Curante;;;OT;;3/4;"a1 | \
[abd,a3/2] c/ d1 | \
[f,,d2] [dbb,d1] | \
[bdda3/2] a/ b1 | \
[ab,,d2] a1 | \
[,db,,d3/2] a/ ,d1 | \
[,b,,a1] ,a ,d | \
[aacc,a2] [aac1] | \
,,,c2 a1 |";
139;;95r;Curante;;;OT;ConcR533;3/4;",a1 | \
[,abc2] [,abc,a1] | \
[,bdca2] [,aabc1] | \
[,,bc3/2] ,,d/ [,,b,,a] ,,a | \
,,,c2 [aabc1] | \
[,da,c3/2] a/ [c,,,a1] | \
[dab,,d2] ,,b1 | \
[,ab,,d3/2] [,c,,a/] [,da,c1] |";
140;;95v;Volte / Lepin;;;OT;ConcR534;3/4;"a1 [,bd] [,df] | \
[af{,a}2] [,d{a}/] a | \
[,b,,a/] ,d [,a,,,a3/2] ,,d/4 ,a | \
[,,d,a3/2] ,a/ ,b ,d | \
,f1 [,d,d3/2] ,,g/4 ,d |";italian7tab
141;;96v;Praeludium;;;OT;;C;"[abd,a3] ,,,,c1 | \
[a,,,d/] b [,d,,,d] a [,b,,a] ,d [,a,,,a] ,b | \
[,,d,a/] ,,,c ,,,a ,,,,d ,,,a ,,,c [,,d,,b] ,,,a | \
[,,cc,a/] ,,a/4 ,,c ,,d/";italian7tab
142;;97v;Courante / P[ietro] P[aulo] M[elii];;;OT;ConcR1071;3/4;"a1 | \
[a,,,d3/2] b/ a1 | \
[,d,,c1] ,,b a | \
[,b,,a3/2] ,a/4 ,b ,,d1 | \
[,d{a}3/2] a/ b ,d | \
[a,,,d1] ,,,,,a ,b | \
[,,d,,b1] [,a,,,d3/2] ,,d/4 ,a |";italian7tab
143;;98v;Courante;;;OT;;3/4;",,d/ ,,b | \
[,,aa{a}3/2] ,,b/ ,,a1 | \
[,,,c{,a}1] [,,,a{,,a}/] ,,,,c ,,,c ,,,a | \
[,,,,e{,,,a}1] ,,,,a ,,d/ ,a | \
[,cdc1] ,,,,a ,,a/ ,,c | \
,,d1 ,,,,,c ,,,,,a |";italian7tab
144;;99r;Courante;;CLFVau N°2, p. 128;OT;Conc_3470;3/4;",c1 | \
[,c,,a3/2] ,d/ ,c1 | \
[,a,,,a3/2] ,,d/ [,,cc1] | \
,,,e1 ,,,,,c ,,,,e | \
[ccfe3/2] ,,,c/ ,,,a1 | \
[a,d,e3/2] ,,,,c/ ,,,,a1 | \
[,,dc{,,,a}3/2] ,a/ ,c ,e |";italian7tab
145;;99v;Courante;Robert Ballard;CLFVal N°64;OT;ConcR535;3/4;"d1 | \
[da1] {4} ,a/ ,b | \
[,db1] ,,,,,d h | \
[def1] ,,,,,d c/ d | \
[faaa1] {a}/ d c a | \
,d1 ,,,,c/ a [,ba,a1] | \
[,a,,,d1] d [a,,,a] |";italian7tab
146;;100v;Courante / Gothier;Gaultier / Robert Ballard;CLFBal II N°80;OT;ConcR536;3/4;",,d/ ,a | \
[,bdaa3/2] ,d/ a1 | \
[aff,,e3/2] ,d/ [,b,,a1] | \
[,a,,,a3/2] ,,d/ ,,c1 | \
[,,d,a3/2] ,a/ ,b1 | \
[,df,,d1] ,,,f ,f/ ,d | \
[,b,,a/] ,d a c e f |";italian7tab
147;;101v;Le Douret / Valeti;;La Duret, CLFVal N°73, CLFBalI, p. XVIII;OT;ConcR431;3/4;",,,c1 | \
[,,dca1] ,a ,,,,,e | \
[,b,,a3/2] ,a/4 ,b ,,d1 | \
a1 ,,b ,,,c | \
,,,d1 ,d ,,d | \
[a,,c3/2] b/ d1 | \
[,b,d1] [,a,a3/2] ,,d/4 ,a |";italian7tab
148;;102v;Courante;;RISM B/I 1617, p. 40;OT;ConcR537;3/4;",b1 | \
[,bdca3] | \
[,dff,d3] | \
[dfg{,a}1] ,,,,d ,,,f | \
[dfg2] f1 | \
[f,,,a3/2] h/ f1 | \
[h,,g3/2] f/ h1 | \
[i{,,,a}3/2] [hi/] [fg1] | \
[df1] ,,g [,df] |";italian7tab
149;;103v;Courante;;;OT;ConcR538;3/4;"f1 | \
[ffg,a3/2] h/ f1 | \
[d,,,,a1] [c,,,c3/2] a/4 c | \
[d,,c1] ,,,,d/ b a1 | \
[,dff1] ,f [,bd] | \
[,a,c1] ,,,,,a/ ,d ,b ,a |";italian7tab
150;;104r;La Vignone;Vallet;CLFBalII / 24 - CLFVal N°70;OT;Conc_273;3/4;"a1 | \
[abb,f2] [,d,a1] | \
[,b,,a1] [,a,,,a3/2] ,,d/4 ,,c | \
,,d1 ,,,,a [a,,,,d] | \
[bbd,,b1] ,,,,,a {a} | \
[a{,a}3/2] c/4 e [f{,,,a}1] | \
[ea,,,a2] [f,,,a1] | \
[h,,,,a3/2] f/4 h [i{,a}1] |";italian7tab
151;;104v;Courante;;CLFBal I, p.57;OT;ConcR539;3/4;",,d/4 ,a ,b ,d | \
[a,,,d3/2] b/ a1 | \
[,b,,a1] ,,d a | \
[dabc3] | \
[b,,a1] [a,,c] [,db,bc] | \
[abbcc3] | \
[,b,,a1] [,a,,,a] [,b,,a] | \
[,d{a}3/2] a/ [b,,a1] |";italian7tab
152;;105v;Courante J.B.B.;Besard;CLFBes N°85;OT;ConcR540;3/4;"f1 | \
[ffgh2] [,i,,h1] | \
[f,,,f1] [h,,f2] | \
[ifg,,i3] | \
[dfg,d3/2] f/ d1 | \
[fg,d2] [db,c1] | \
[b,,a1] d [a,,,c] | \
[,dff2] [,b,,a1] | \
[,d,,,d/] ,b ,d a b d |";italian7tab
153;;106r;Courante J.B.B.;Besard;CLFBes N°86;OT;ConcR309;3/4;",,,c1 | \
,,d1 ,,,,a [,a,,,e] | \
[,b,,a3/2] ,a/4 ,b ,,d1 | \
a1 ,,,,,a ,,,,c | \
[aacc3/2] ,d/ [,bd1] | \
[,dff3/2] ,,,d/ [aacc1] | \
[b,,a1] [a,,,d3/2] ,d/4 a |";italian7tab
154;;106v;Courante;;;OT;ConcR430;3/4;"a1 | \
[a,d2] ,,b1 | \
,,,d1 a/ ,d ,b ,d | \
a1 ,,,,,a ,,,,c | \
,,,c2 a1 | \
[,bd1] ,a/ ,b ,d1 | \
,,b1 ,,,d/ ,,,c ,,,a ,,,,d |";italian7tab
155;;107r;Intrada;;;OT;;C;"[,,d,a3/2] ,a/ ,b ,,,,a ,,,,,e ,a | \
[,d,a/] ,b ,a ,,d [,,c,,a1] ,,,c | \
[,,d,a1] ,,,,,d/ ,a [,b,,,b] ,a ,b ,d |";italian7tab
156;;107v;Courante / de la Grotte;;CLFVau N°1, p. 121;OT;ConcR541;3/4;",b/ ,d [a,,,a1] [,a,c,e] | \
[,bdca1] {,,,a}/ ,d ,b1 | \
[,a,a1] [,,d,d] [,,c,c] | \
[,,d,a1] {,,,a}/ ,a ,b ,d | \
[a,,,d1] {,a} f | \
,d1 ,,,,,d [,b,,,b] |";italian7tab
157;;108v;Courante;;;OT;ConcR543;3/4;"a1 | \
[abd,a1] {,,,a}/ b a1 | \
[,d{a}1] ,f ,e | \
[af{,,,a}1] ,,d ,,f | \
[,fg1] {,,,a} {,,a} | \
{,a} ,,c ,,d | \
,d1 ,,,,a/ ,b ,a ,,d |";italian7tab
158;;109r;Courante Gothier;Gaultier / Robert Ballard;CLFBall II, p.42;OT;ConcR544;3/4;",,d1 | \
a1 ,,d [,ac] | \
[,bd1] ,,b [,d,d] | \
[a,,c3/2] ,d/ [,bd1] | \
[a,,,a1] ,,,c [,,d,d] | \
[,a,a1] [,,cc/] ,d ,b ,a | \
[,bd,a1] [,db,c] ,,a |";italian7tab
159;;109v;Courante;;;OT;ConcR545;3/4;",b1 | \
[,bdc{,,,a}3/2] ,d/ a1 | \
[abd,a1] ,,,,c [ab,,d] | \
[a{,a}1] ,b/ ,d a b | \
[d,,,d3/2] ,,,,c/ [f,,,a] h | \
[i{,,,a}2] [d,f,,a1] | \
f1 [b,d{a}3/2] d/ |";italian7tab
160;;110r;Courante;;;OT;;3/4;",,d/4 ,a ,c ,d | \
[a,,,a3/2] ,d/4 a ,c1 | \
[c{a}3/2] a/4 c ,d1 | \
[a,,,a3/2] ,d/4 a ,c1 | \
[,d{,,a}1] ,a/ ,c ,d a |";italian7tab
161;;110v;Toccata;;;OT;ConcR682;C;"[abd,a2] [abd,a/] ,d ,b ,a | \
,b3/2 ,,,,d/4 ,,,,c ,,,,a ,,,,,e ,,,c/ ,a a | \
[,bd,a1] ,c ,,,,,b/ ,,d ,d ,,,,,c |";italian7tab
162;;111v;Mentr'io / Compai;O.Vecchi;RISM A/I V 1580a, N°1;OT;ConcR468;C;",,d2 | \
[ab1] ,a/ ,,d [aac] ,,a ,,c ,,d | \
[aac1] [abd] [bdda] [dfg,d] | \
[ddff1] ,,,,,d/ ,g [dfg,d2] | \
z1 [cfg,d1] [cdf,d/] [dfg,d]";italian7tab
163;;112v;Toccata / Galilei;;;OT;;none;"[abdca{,,,a}3] f1 a ,b ,,d ,,,c ,,,,d/ ,,,a \
,,,c1 ,,,,a ,,,,,a {,,,a} [abdca3/2] b/ ,d3/2 a/ \
,b3/2 ,d/ ,a3/2 ,b/ ,,d1 ,,,,a {,,,a}2";italian7tab
164;;113v;Galiarde;;;OT;Conc_4441;6/4;",,d1 ,a | \
[abd2] ,,,,a1 ,d [abd2] | \
[aab2] [,bdd] ,d | \
[aacc2] ,,,,,a1 ,d [abd2] | \
[,dff2] ,,,,,d1 ,f [,bcd2] | \
[,d,a1] ,b ,a ,,d [,,cc2] |";italian7tab
165;;114v;Ballet;Vallet;CLFVal N°76;OT;Conc_4492;C;"[abd,a1] [abd] | \
[abd,a1] ,a/ ,,d [,,c,,a] ,,,c ,,c ,d | \
[,cdca2] [,bd{,,,a}1] [,d{,,a}] | \
[ab{,a}1] [bdd{a}] [aad,,a] ,,c/ ,d |";italian7tab
166;;115v;Ballet;Vallet;CLFVal N°9;OT;ConcR547;C;",,d1 | \
[,,da{a}3/2] ,,b/ ,,,d ,,,c ,,,d ,,b | \
[,,,ca{,,,a}3/2] ,,,a/ ,,,,e ,,,,a ,,,a ,,,c | \
[,,,d{a}1] [,,b,,a] [,,d,,b] [,d,,,d] | \
[,cdca3/2] ,d/ a ,,d ,d a |";italian7tab
167;;116v;Galliarde;Guillaume de Vaumesnil;CLFVau N°2, p.8;OT;ConcR548;6/4;"[,dca{a}3/2] a/ [bdca2] [acc,a] | \
[,dca{a}2] ,,,a3/2 a/ ,c2 | \
[dd,f3/2] f/ g2 [fc,e] | \
[ddef2] ,,,,,d3/2 ,,g/ ,,e2 | \
[a,,,d3/2] [,d,,c/] [,b,,a1] [,a,,,d] [,,d,,b] [,,b,,a] |";italian7tab
168;;117v;Courante;;p. 118r empty;OT;;3/4;",b/ ,d | \
[abd,a1] {,,,a} d | \
[cd{a}3/2] f/ [e,,,,a] h | \
[f,,,a1] {,,,a} ,,,,a | \
[ffg2] [h,,,,a1] | \
[i,,,a1] {,,,a}/ i l i | \
h1 ,,,,,a ,,,,c |";italian7tab
169;;118v;Courante / Transp: Goth;;Son adieu de Gautier;OT;Conc_4357;3/4;"a1 | \
[abd,a1] {a}/ b a1 | \
[aff,,e1] ,,f ,d/ ,f | \
,b1 {,,,a} ,,,,a | \
[,,dc2] d1 | \
[dfg{,a}1] ,,,,d [dfg] | \
[bd{a}1] ,a ,,d |";italian7tab
170;;119r;Allemande J B B;Jean Baptiste Besard;CLFBes N°33;OT;ConcR549;C;",,d/ ,a | \
[,b,,a1] ,,d [,d,,,d] ,,b | \
[a,,,d3/2] ,d/4 a ,b1 ,d/ ,b | \
[,a,,,d1] [,b,,a] [,,d,,b] ,,,a | \
[,,c,,a3/2] ,,a/4 ,,c ,,,c1 [ab,,d] |";italian7tab
171;;119v;Courante / Balard;;CLFBall II, p. 81;OT;ConcR550;3/4;",c1 | \
[,cdc{,,,a}1] ,,,,a [,cdc] | \
[,ac,,a1] [,cd] [ac] | \
[,,dc1] {,,,a} ,,,,a | \
[,,dc2] [a,,,,e1] | \
[,cd,,c1] ,e [af,,,c] | \
[ce,,c1] [ef] [ce] |";italian7tab
172;;120v;Courante;;;OT;ConcR596;3/4;",c1 | \
[c{,,,a}3] | \
[,d{,,a}3/2] ,a/ ,d1 | \
[,cdca1] {,,,a} ,,,,a | \
[,cdc3/2] ,d/ a ,,d | \
c1 {a} [a{,a}] | \
[,d{,,a}1] ,,a ,,c | \
[,,d{,,,a}3/2] ,,b/ ,,a ,,,c |";italian7tab
173;;121r;Courante;;;OT;ConcR517;3/4;",c1 | \
[,c{,,,a}3] | \
c1 {,,a} [a{,a}/] ,d | \
[,cdca1] {,,,a} ,,,,a | \
[,cdc2] ,a1 | \
[,ac,,a1] ,,,c ,c | \
[,,d,,c3/2] ,c/ ,a ,,d | \
[,,c{,a}3/2] ,a/ ,,d ,,c |";italian7tab
174;;121v;Courante;;;OT;ConcR516;3/4;",c1 | \
[,c,,a3/2] ,d/ ,c1 | \
[,a,,,a1] ,c [,,d{a}/] {,a} | \
[,a{,,a}1] [,c{,,,a}3/2] ,d/ | \
a/ {,,a} [a{,a}1] [,d{a}/] ,c | \
[c{,a}1] ,,d c |";italian7tab
175;;122r;Courante;;;OT;ConcR518;3/4;"a1 | \
[a{,,,a}3/2] a/ [,d{,,a}1] | \
[,c{,a}1] {a} [,a,,,a] | \
,c1 ,,d ,,c | \
[,,de1] [,af] [,c,c] | \
,d1 ,,,a/ a c1 | \
[,,d{a}1] ,a [,c{,a}] |";italian7tab
176;;122v;Courante;;CLFVau N°2, p. 128;OT;Conc_3470;3/4;",c1 | \
[,c,,a3/2] ,d/ ,c1 | \
[,a,,,a3/2] ,,d/ [,,cc1] | \
[ccd,,c1] ,,,,e ,,,e | \
[ccd1] ,,,,,a {a} | \
{,a}1 ,,,,c [a,,c] | \
[,d,,c1] [,c,,a3/2] ,a/4 ,,d |";italian7tab
177;;123v;Courante J B B;;CLFBes N°59;OT;ConcR542;3/4;"a1 | \
[aca,a1] {,,,a}/ ,d ,c ,a | \
[,c,,a1] [,a,,,a3/2] ,,d/4 ,a | \
,,d1 ,,,,a {,a} | \
[,,dc2] [,a,,b1] | \
,c1 ,,,,a [a,,,,b] |";italian7tab
178;;124r;Ballet;;;OT;ConcR1004;C;"[abd,a2] [abd,a1] [abd] | \
[ab,,d2] [,db,,d] | \
[,c,,a2] [,d,,,d] [a,,,d2] [,b,,a1] [,a,c2] | \
z1 [,a,c1] [,bd] [dff] | \
[ab,,d2] [ab1] [,dff2] [b,,a1] [a,d] [,bd] |";italian7tab
179;;124v;Courante / Lepin;Charles L'Espine;;OT;Conc_3466;3/4;",,,c1 | \1
[,,dca1] {,,,a} [,,dc] | \
[,ac,,a1] ,,,c/ ,c ,d a | \
[,cdca1] {,,,a} ,,,,a | \
[,cdc2] [a,,,b1] | \
[,d,,c3/2] [a,c/] [,c,,a1] | \
[,a,c,e3/2] ,c/ [,,d,,c] ,a |";italian7tab
180;;125v;Courante;;;OT;;3/4;",,d1 | \
[,,dc{,,,a}3/2] ,a/ [,c,,a1] | \
,,,,,a1 [,,d,,c2] | \
[,,c{,a}1] ,,,,e ,,,e | \
,,d1 ,,,,,c ,,,,,e | \
[fgh3/2] h/ f1 | \
[e,,,,a2] [ccd,,c1] | \
[a,d,e3/2] c/ [,d,,c] a |";italian7tab
181;;126r;Chanson / D.;;;OT;;6/4;"[aabc3/2] c/ d1 ,,,a [a,,,d] ,,,,c | \
[fc,,a4] [df,,,a2] | \
[ce,,c2] ,f1 d [ced,c2] | \
[aac,,a2] ,,,,c ,,,c | \
[da,c2] ,,,,,a [ca,,c] | \
[a,,,d2] ,,b [,d,,,d] |";italian7tab
182;;126v;Royale;;;OT;Conc_1666;3;"f1 | \
[ffh,a3] | \
[e,,,,a3/2] f/ [h{a}1] | \
[a{,a}1] {,,a}/ ,d [,c{,,,a}] ,a | \
[,c,,a1] [,a,,,a3/2] ,,d/4 ,a | \
,c1 [,,d,,c] [,d,,a] | \
[,df,,e3/2] a/ [,c,,a] ,d |";italian7tab
183;;127v;Volte / Galilei;Galilei;RISM A/I G 143, p. 9;OT;ConcR551;3/4;",,,c1 ,,d ,a | \
[,cdca3/2] ,d/ [,c,,a1] | \
[,a,,,a3/2] ,,d/ [,,cc1] | \
[,,de2] ,,,,,c1 | \
f1 [e,,,,a] [c{a}] | \
[a{,a}3/2] ,d/4 a [c{a}1] | \
[,da,c1] ,,c [,c,,a] |";italian7tab
184;;128r;Volte / eiusdem;Galilei;RISM A/I G 143, p. 10 (1);OT;ConcR552;3/4;"a1 ,c ,e | \
[acd3/2] c/ [aac1] | \
[c,a1] e [fe] | \
[e,,c3/2] c/4 e ,f1 | \
f/ e [c,,a1] [a,,,e] | \
[,da,c1] ,,c [a,,,e] |";italian7tab
185;;128v;Volte / Galilei;Galilei;RISM A/I G 143, p. 11 (1);OT;ConcR553;3/4;",,,c/ ,,a ,,c1 ,,,c | \
[,,dca3/2] ,,,,c/ [,,d,e1] | \
[,a,a1] ,,,c/ ,c [,de] ,a | \
[,,cc1] ,,,,,a/ ,,d ,,c1 | \
[a,d,e1] [,dd,c] ,,c | \
[,cd,a3/2] ,d/ ,c1 |";italian7tab
186;;129r;Volte / eiusdem;Galilei;RISM A/I G 143, p. 11 (2);OT;ConcR554;3/4;",,,,a1 ,,,,e ,,,a | \
,,,c1 ,,,,a ,,,e | \
[,,,ac3/2] ,,,e/ ,,,c ,,,a | \
[,,,,ef3/2] ,,,,c/ ,,,,e ,,,,a | \
,,d1 ,a [a,c] | \
[f,a1] ,c/ ,e [ef,,,a1] |";italian7tab
187;;129v;Volte / Galilei;Galilei;RISM A/I G 143, p. 10 (2);OT;ConcR1175;3/4;"a1 | \
[acd{,,,a}3] [,da{,,a}1] | \
[acd{,,,a}2] [,df{a}] | \
[,cd1] [,ac,,a3/2] ,c/ | \
,,d1 ,,,,a {,,,a} | \
[acd2] [aa,,,e1] | \
[fc,,,c2] [e,,,,e1] | \
,,,,a1 [cf,,c] [,e{,,a}] |";italian7tab
188;;130r;Volte;;RISM B/I 1603(15), f. 163v;OT;ConcR556;3/4;"a1 ,d [,cd1] [,ac] | \
[,cde3/2] ,d/ [a,,,e1] | \
[c,,a/] a c e [f,,,a1] | \
[e,,c3/2] c/4 e ,e1 | \
[c,,a1] [a,,,e] [,d,a/] ,c |";italian7tab
189;;130v;Ballet / Lepin;;;OT;Conc_1761;C;"[,,dca3/2] ,,d/ [,acc,a] ,c ,d a | \
[,cdca1] {,,,a} [,cdc] ,,d/ ,a | \
[,c,,,c/] ,e [a,,,,e1] [a,,,a] [,e,,c] | \
[aac,,a1] ,,,c [aac] ,d/ a |";italian7tab
190;;131v;Courante;;;OT;;3/4;",c1 | \
[,cdc{,,,a}3/2] ,d/ ,c1 | \
[,d{,,a}3/2] a/ ,d1 | \
[,cee,c2] ,,,,e1 | \
[,cee1] ,,,,,a {a} | \
{,a}1 ,,,c ,,,,e | \
,,,a1 ,,d ,,a | \
,,,,c1 ,d ,c |";italian7tab
191;;132r;Courante;;;OT;ConcR533;3/4;",a1 | \
[,abc2] [,abc,a1] | \
[,bdca2] [,aabc1] | \
[,,bc3/2] ,,d/ [,,b,,a] ,,a | \
,,,c2 [aabc1] | \
[,da,c3/2] a/ [c,,,a1] | \
[dab,,d2] ,,b1 | \
[,ab,,d3/2] [,c,,a/] [,da,c1] |";
192;;132v;Curante;;Courante La Rosignoll;OT;Conc_1750;3/4;",,d/4 ,a ,b ,d | \
[ab,,d3/2] b/ a1 | \
[ab,,d1] [,db,,d] a/ ,d | \
,b1 ,,,,d {,a} | \
[,bdc1] ,b/ ,d a b |";
193;;132v;Curante;;CLFVau N°13, p. 58;OT;Conc_3469;3/4;",d1 | \
[,db,,d3/2] a/ ,d1 | \
[a,,,d2] [c,,a1] | \
[d,f,,d2] ,,,f1 | \
[ddf3/2] f/ d1 | \
[c,,a2] [a,,,,d1] | \
[,d,,c3/2] a/ [,b,,a1] | \
[,a,,,d3/2] ,,d/ ,a1 |";
194;;133v;Curante;;;OT;ConcR558;3/4;"c1 | \
[cdda3/2] d/ c1 | \
[a,,,,d3/2] ,d/ [a,,,a1] | \
[,d{a}/] ,c ,d a c a ,d f | \
[fda{a}3/2] ,,,,,a/ ,,,,,c1 | \
[ddf,,d3/2] f/ d1 |";
195;;134r;Wunsch Ich Ihr ein gute nacht;;;OT;ConcR1522;C;"[cdda1] | \
[,cdc1] [,cdca] [,daa] [acd,a] | \
[cdda2] a1 ,d | \
[,cd,a1] ,d/ a ,c1 [,dda] | \
[cd1] [da] [cd] [a,a/] ,d | \
,c/ ,a [,,d,a1]";
196;;134v;Corant;;;OT;ConcR559;3/4;",,d/ ,a | \
[,bd,a3/2] ,d/ ,b1 | \
[,d,,c3/2] a/ [,dba,d1] | \
[aba,d3/2] ,d/ a1 | \
,b1 ,,,c ,d | \
[b,,,a2] [aabc1] | \
[aacc1] ,,c/ ,,a ,,c1 |";
197;g moll;135v;Dominique;;;5;;3/4;"a1 | \
[aaaa3/2] c/ d1 | \
'[c,,,a1] [a,,,b/] d c a | \
[,d,,,b1] ,,a [,b,,,d] | \
'[,a,,a3/2] ,b/ ,d1 | \
[a,,,b1] c [d,,,a] | \
[f,f,,d1] 'd f |";
198;;136v;Volte;;;OT;;3/4;"f/ d [c,,a1] [a,,,e] | \
[,dda{a}3] a/ ,d1 | \
[acd,a3/2] ,d/ a1 | \
[cdda3/2] d/ c1 | \
[,d,,c1] [a,,,e] [c,,a] | \
[d,,c3/2] c/ a1 |";
199;;136v;chorea;;;OT;;C;"[,dda1] ,d/ ,d [c,,a1] [f,,,a]| \
X[d,,c1] [c,,a] [a,,,a] f | \
[,dda1] {a} [,dda2] || \
[c,d/] a c d [f,,a2] | \
[a,,,d/] ,d a c [dab,,d] [cdda1]";
200;;137r;chorea;;;OT;;C;"[cdda2] a/ ,d | \
[cdda2] a/ ,d | \
[,c,,a1],a [,c,,a/] ,a ,c ,d | \
[acd,a2] ,,,c1 ,c || [,d,,c1] | \
[a,,,e1] [c,,a] [d,,c] [a,,,a] |";
201;;137r;Voltij Polonij;Jacques Polonois;;OT;;C;"[da,c3/2] c/ a1 [,d,,,d] | \
[,b,,a2] [,a,,,a] | \
[h,,f3/2] f/ d1 [c,,a] | \
[a,,,d/] c d a h1 [,a,,,d] | \
[,c,,a/] ,d a ,,,,d [aa,,c1] ,,,b |";
202;;137v;Chorea [unreadable];;;OT;;C;"[aabc/] ,,a ,,b ,,d ,a ,c ,d a | \
[c,,,c/] a c d [caa,c1] [caa] | \
[d,,c1] [c,,b] [a,,c/] c d a |";
203;;137v;Brandle [de la Reine];Vallet;CLFVal II N°18;OT;ConcR560;C;"[acd,a3/2] c/ a ,d ,c ,a | \
[,,dca2] {,,a}1 a/ ,d | \
[,c,,a1] [,a,,,d] [,c,,a/] ,d a1 | \
[,ac,,a3] || ,a1 | \
[,,c,,a1] ,,a/ ,,c ,,,c1 ,a |";
204;;138r;Courant;;;OT;ConcR561;3/4;"[aacc,a3/2] ,e/ a1 | \
[caab3/2] a/ c1 | \
[ea,c3/2] c/ a1 | \
[,acc,a3] | \
[haa,,h1] c [,ea,c] | \
[aacc,a3/2] ,e/ a1 | \
[,ca,,c3/2] ,a/ ,c1 |";
205;;138v;[Ballet];;;OT;ConcR1072;C;"[fdaa1] [fa] [idaa] [h,,f] | \
[fdaa3/2] d/ c a ,d1 | \
[fdaa/] f f f [fdaa1] [h,,f] | \
[fdaa,a3/2] d/ c1 [f,,a] |";
206;;139r;sans titre;;;OT;ConcR562;C;",d1 a | \
[cdda2] [dab,,d] | \
[fdaa1] {a} [fda] d/ f | \
[h,,,,a3/2] f/ [d,,c1] [c,,,c] | \
[aacc,a1] ,,,c [aac] ,d/ a | \
[c,,a1] [,d,,c] [d,,c] [a,,,e] |";
207;;139v;Ballet / Galilei;;;OT;;C;",,d/ ,a | \
[c,,a1] ,a/ ,,d [,ac,,a1] ,,c | \
[,,dca1] {,,,a} [,,dc] ,c/ ,e | \
[a,,,a1] [a,,,,e] [cf,,a] [,e,,c] | \
[aac,,a1] ,,,c [aac] ,a/ ,c |";italian7tab
208;;140v;Schmidt Curante;;;OT;ConcR673;3/4;",,d1 | \
[,d,a2] ,,d1 | \
[,dda2] [a,,,a1] | \
[c,,a3/2] d/ f1 | \
[c{a}1] ,d [f,,e] | \
[ddff1] f [c{a}] | \
[a,,,a1] c [,d,,c] | \
[,cd,a3/2] ,d/ a1 |";
209;;141v;Galiarda del / Piccinini;;p. 143r empty;OT;ConcR1073;6/4;",,f3/2 ,,,h/ [h,,g2] ,,,b1 f | \
[ba,c2] ,,,,,a1 [c,d] [a,c2] | \
[,,d,,c1] ,e/ ,c [,a,c,e2] [,ca,b] | \
[,efec2] {,,a}1 [ac] [ce2] |";italian7tab
210;;143v;Corrente del / Piccinini;;;OT;ConcR1074;3/4;",,b1 | \
[a,b,,d3/2] ,,d/ [a,b1] | \
[b,d,,b1] ,,b ,,,d | \
[a,b,d2] {,a}1 | \
[a,b2] [,db,c1] | \
[,b,da1] ,,,c [,a,,,d] | \
[,,,,ab3/2] ,,,c/ ,,,a1 | \
[aac,,a3/2] ,,,,,c/ [,a,,,e1] |";italian7tab
211;;144v;Gagliarda del / Piccinini;;;OT;ConcR563;6/4;",d1 a [bdca2] [a,d,e] | \
[,dda2] {a}1 [a,,,d] [b,,,b] [d,,,a] | \
[b,,,b2] [,,bdd] [,,,c{,a}] | \
[bbd,,a2] ,,,d [bbd] | \
[bbd,,b2] [bbd1] [ab{,a}2] [ab1] |";italian7tab
212;;145r;[Gagliarda del / Piccinini];;;OT;ConcR563;6/4;"a1 | \
[bdda3] [a,d,e] | \
[,dda2] {a}1 [a,,,d] [b,,,b] [d,,,a] | \
[b,,,b2] [,,bdd] [,,,c{,a}] | \
[bbd,,b2] ,,,d [bbd] | \
[bdd,,b2] [bbd1] [ab{,a}2] [ab1] |";
213;;145v;Corrente del / Piccinini;;;OT;ConcR1075;3/4;",,d/ ,,b ,,a ,,,c ,,,a1 | \
,,,,e3/2 ,,,a/ ,,,c1 | \
[f,a/] d c a [,db1] | \
[,cc3/2] ,d/ [a,b1] | \
[c,de1] [,dff] [a,,c] | \
[cd,a1] [,df] [ac] |";italian7tab
214;;146v;Fantasia;;;OT;Conc_3465;C;"f2 f1 f | \
d1 a/ c d1 a | \
b1 ,d [bd] [bd] | \
[ab1] ,,d/ ,a [abd1] [abd] | \
[aab1] ,,,c/ ,,a [aab1] ,,,c |";italian7tab
215;;147v;Passaggio;;;OT;ConcR564;none;f/4 d c f d c a d c a ,d c a ,d ,c ,a ,,d ,,b ,,a;italian7tab
216;;148v;Courante;;;OT;;3/4;"a/ ,d1 | \
[,cdca3/2] ,d/ [a,d1] | \
[bdd{a}3/2] d/ [b,,a1] | \
[a,,,a1] {,,,a} [acd] | \
[,dda{a}1] ,,,a/ a b d | \
[f,,d3/2] g/ [f,,d1] |";italian7tab
217;;149v;Pavana / Vrsina;;;OT;ConcR565;C;"[,dca2] {a}1 a | \
[b,,a/] ,d d b [a,,,a] ,b b a | \
,d/ a b ,d [d,,,a] ,g d f | \
[g,,,,d2] [f,,,,c] |";italian7tab
218;;150v;Galliarde;;RISM B/I 1603(15), f. 111r;OT;ConcR116;6/4;"[dg,c2] [df,f1] ,d [acd2] | \
[bdda1] ,a/ ,c ,d ,c ,d a b a b d | \
f1 ,,,,g [cf,,d] d [b,,a] d |";italian7tab
219;;151r;[Courante];;;OT;;3/4;"[fd,a1] | \
[da,c1] ,c [cd,e] | \
[a,b1] ,d [acd] | \
[,dda1] {a} a | \
c1 ,,,a [a,d,e] | \
[,da,c1] ,,c [,cd,e] | \
[a,a1] ,,d [,,cc] |";
220;;152r;Praeludium;;;OT;;C;"{a}1 | \
,,,a1 ,,d ,d a | \
[bdda2] [abd,a] | \
[,dedb2] ,,,,a1 ,,,,,d | \
[,bdd,b2] ,,,,,a1 {a} | \
[,bbc{,a}1] [,,dd] [,bbd{,a}] ,,,d | \
[,ea{a}2] ,,d1 ,,,,d |";italian7tab
221;;152v;Ballet;Mercure;CLFMer I N°22;OT;Conc_370;C;",,d1 ,a/ ,b ,d1 [,aac,a] | \
[,,dca1] {,,,a}3 | \
[abb,d1] ,d/ ,b [,d,,,d] a b | \
[abb,d1] {,a}2 f/ h | \
i3/2 ,,,,a/ i1 [h,,f] |";
222;;153r;La Volte;;;OT;;6/4;"[,,dca4] [,a,,,e2] | \
[,c,,a3] ,d1 [a,,,e2] | \
[,ea,c3] a1 c2 | \
[aac,,a6] | \
[,da,,c4] [a,,,e2] | \
[c,,a3] d1 f2 | \
[f,,,a2] [e,,,,a4] | \
[f,,,a6] | \
[e,,,,a3] c1 a2 |";
223;;153v;Courante;Charles de l'Espine;;OT;ConcR397;3/4;",a1 | \
[,a,,,d1] ,,b ,d | \
[,,def1] {a} ,a/ ,,d | \
,,b1 ,,,,,d {4} | \
[,ab2] ,a1 | \
[,a,,,d1] ,,b ,d | \
[,db,c1] [,bb,d3/2] ,a/ |";italian7tab
224;;154v;Ballet;;;OT;ConcR567;C;"[cdd{a}3/2] d/ [c,,a1] [acd,a] | \
[,dd{a}2] ,,,a1 a/ c | \
[dab,,d1] ,,,a [dab] [cdd{a}] | \
[acd,a2] {,,,a}1 c/ d | \
f1 ,,,a [f,a] [d,,c] |";italian7tab
225;;155r;Canzon;;;OT;ConcR566;C;"f2 f1 f | \
[cd1] d [fd] [cd] | \
[dc1] ,c [cd] ,a | \
[ac1] ,,d/ ,a ,c ,d a c | \
[a,b1] [,da] [,da] ,,,c/ ,,,a |";italian7tab
226;;155v;Courante / Lepin;Charles de l'Espine;;OT;Conc_4356;3/4;",d1 | \
[d,,c1] ,,,,d [f,,e] | \
[h,,f1] [f,,,f3/2] ,i/4 ,h | \
,i1 {4} ,,,,,d | \
[ddff3] | \
[ab,,d1] {,a} ,,,c | \
,,,a3/2 h/ f ,i |";italian7tab
227;;156r;Ballet;;;OT;;C;"a/ ,d | \
[,c,,a/] ,,d [,d{a}1] [,a,,,a] [,ad/] ,,c | \
[,,d,a1] ,,,c {,,,a} f/ d | \
[c,,,c1] [a,,,e] [a,,,a] [,e,,c] | \
[a,,,,a1] ,,,c [aac] ||";
228;;156v;Passomezo;;;D-G-d#-g#-c'-f';ConcR568;C;",,a1 ,,c | \
[,,d,a/] ,b ,d1 [,bcd] [,,df] | \
[,,ca1] [db,b] [f,,,f/] d [cdca1] | \
[daaaa3/2] ,,c/ [,,d,a] ,b [cdca1] | \
[d,,,a/] f g ,,,,c [bd,,d1] [df,,f] |";italian7tab
229;;157v;Branle de la Gavotte;;CLFVau N°2, p.80;D-G-d#-g#-c'-f';ConcR569;C;",d1 | \
[,bcd1] [,a,f] [,,ca] ,,e/ ,,c | \
[,,ac1] [,,ce] [,a,,,a/] ,b [,d,,e1] | \
[,b,c1] [,aaa] [,,ca/] ,,a ,,c ,,a/4 ,,c | \
,,a1 ,,,,a {4} f/ h |";italian7tab
230;;158v;Lamentatio;;;D-G-d#-g#-c'-f';ConcR477;C;"[d,d,a2] ,,c1 ,,a | \
[cdca,a4] | \
[dddf2] [fgfd] | \
[gdddd1] ,,,,f [g,,a] ,,,c | \
[fgfd2] [dddf1] ,,,d | \
[d,db2] ,b | \
[cdca4] | \
[,,cd,a4] | \
[,,dfa2] [,bcd,d] |";italian7tab
231;;159v;Pavana;;;OT;;C;"[ddef2] [dde1] ,,,d/ ,,,b | \
[d,ea1] [c,d/] [a,b] [c,d1] ,b | \
[dceb1] ,,b ,,e ,,,a/ ,,,,d | \
[d,,,b1] b/ ,e [,dedb1] ,,,,a/ ,,,,,d |";italian7tab
232;;160v;Courante;;;OT;;3/4;",a1 | \
[,aff2] [,,de1] | \
[,a,f1] [,,bc] ,c | \
,d1 ,,,a ,,,c | \
[,,de1] ,d ,,g | \
[,,,f,a1] ,,f {a} | \
[,,ff{,,a}1] [,,d{a}] ,,,f | \
[,,de{a}1] ,,,,f [,a,,c] |";italian7tab
233;;161v;Fantasia / Bocqueti;;CLFBoc I N°5;OT;ConcR570;C;"d2 d1 d | \
[b,,a1] ,d b ,,,a | \
[,def1] ,,,,,d [,egfd] ,d/ ,,g | \
[,def1] ,,d/ ,,e [,,dd1] ,,,a | \
[,,bb/] ,,d ,,e ,,,a";italian7tab
234;;162v;Courante;;Son adieu de Gautier;OT;Conc_4357;3/4;",d1 | \
[,def1] ,,,,,d/ ,e ,d1 | \
[,d,,,c1] ,,d ,b/ ,d | \
,,e1 {4} ,,,,,d | \
[ddef2] b1 | \
[bde{,,a}1] ,,,,b [bd] | \
[,e{,a}1] ,,d ,,b |";italian7tab
235;;163r;Volte;Gaultier;The Bells of Paris (firsty 21 bars only);OT;ConcR395;3/4;"[,dff1] ,,,,,d ,f | \
[,dff1] ,,,,,d/ ,,g ,,f1 | \
[,,d{a}1] ,,b [,,de] | \
[,a,a,d3/2] ,,d/4 ,a ,,b1 | \
[,db,c1] ,,a [a,,c] | \
[c,,a3/2] ,,,,d/ [dd,,c] c |";italian7tab
236;;163v;Courante / Gothier;;;OT;ConcR1076;3/4;",d1 | \
[,dff3/2] ,,,d/ ,,,c ,,,a | \
[a,,b,d1] ,,,,c/ d [db,a1] | \
[ddf,,d1] ,,,,f ,,,f | \
[ddf3/2] f/ ,i ,h | \
[,fg,a1] f [,hi] |";italian7tab
237;;164v;Courante / D.;;;OT;;3/4;"f1 | \
[fg,d1] {,a} [fg] | \
[dfg,d3/2] f/ [b,,a1] | \
,,,,a/ a ,,d ,c b a | \
,d1 ,,,,b [,b,da] | \
[,,e,,d1] ,,,c [,,ddbb] |";italian7tab
238;;165r;Courante / D.;;;OT;;3/4;"d1 | \
[dee,,d3/2] f/ g1 | \
[fg{a}3/4] ,f/4 ,e/ g f1 | \
[g{,,a}1] ,,e ,g | \
[,g,,f1] [,gg,,f3/2] ,e/ | \
[,d,,b1] ,,,,a ,,,,,d | \
[d,,,d3/2] ,,,,a/ ,,,,b ,,,,d |";italian7tab
239;;165v;Courante / D.;;;OT;;3/4;"[,bdd3/2] ,d/ [,b,c] ,,e | \
[,,dd3/2] ,a/ ,b ,d | \
a/ b [d,,c] ,b [b,,a] a/4 b | \
[db,,d2] {,a}1 | \
[a,,,d/] b d1 [b,,a/] a |";italian7tab
240;;166r;Volte / M.G.;;;OT;ConcR1077;3/4;",d1 | \
[,dba,d3/2] a/ ,d1 | \
[,a,,,d1] ,,b ,d/ ,b | \
[,a,,,d1] ,,b ,,,a | \
,,,c1 ,,,,c ,,,,d | \
[,,,acd3/2] ,,,c/ [,,,aac1] | \
[,,,c,a3/2] ,,,e/ [,,,ce1] |";italian7tab
241;;166v;Courante / Lepin;Charles de l'Espine;;OT;Conc_4493;3/4;",a1 | \
[,a,,,d3/2] ,,d/4 ,a ,,b1 | \
[,bb,d2] [,,b,,d1] | \
[,,def3/2] ,,f/ ,,d ,,,e | \
,,,f1 {,,,a} ,a/ ,b | \
[,d,,c1] ,,b ,b/ ,d |";italian7tab
242;;167v;Courante / D.H.M.M.;;;OT;;3/4;",,d1 | \
[,d,a2] [a,d,e1] | \
[b,da3/2] d/ b1 | \
[a,b,d2] [,d,db1] | \
[,c,ca3/2] ,a/4 ,c ,,d1 | \
,d1 ,,,a [a,c,e] | \
[b,,a3/2] d/ f ,,,d |";italian7tab
243;;168v;Galliarde;;RISM B/I 1603(15), f.112;OT;ConcR577;6/4;"[fg,d2] [fg,d1] [fg,d2] [fg,d1] | \
[fg,d3] h1 i ,,,,a | \
h1 f [dfg,d2] [bdda] | \
[acd,a4] [f{,,,a}3/2] d/ | \
[b,,a3/2] d/ [a,,,d1] b [,d,,b] a |";italian7tab
244;;169v;Galliarde / Diomedis;;;OT;ConcR576;6/4;"f1 h [if,h2] [hi,fh] | \
[fg,d3] g1 [fg,d2] | \
[dfg,d1] [fg,d] [dfg,d] ,,f [,dda2] | \
[a,,,a3] ,a1 ,,d ,c | \
[fb,,a1] ,,,,c [f,,cd2] [dd,ac] |";italian7tab
245;;170v;Galliarde;;Charles Bocquet;OT;ConcR384;6/4;"[,dda{a}3/2] a/ c2 [ddf,,d] | \
[fda{a}1] d/ c a c d a [c,,a2] | \
[,a,,c3/2] ,c/ ,d1 ,,,,a ,,,,,d a |";italian7tab
246;;171r;[Courante];;;OT;;3/4;"c1 | \
[cdda3/2] d/ c1 | \
[a,,,e1] [,da,c] ,,c | \
[acd,a1] ,,d/ ,a ,c ,d | \
a1 ,,d f | \
[fdaa2] [h,,f1] | \
[fdaa1] [da,c2] |";
247;;171v;Galliarde;;;OT;;6/4;"f1 [c{a}] d | \
[f,a1] h [da,,,a2] [fc,,a] | \
[cdca1] {a}1 ,,d [c,aa] ,,b | \
[a,d1] ,,,,e [,dd,c] ,,c/ ,,a ,,c ,d ,c ,a |";italian7tab
248;;172v;Galliarde / Tambourina;;;OT;ConcR578;6/4;"[,d{a}3/2] [a,,,a/] [c,,a1] [d{a}] [f,,,a] [h,,a] | \
[fda{a}1] ,,,,a ,,,a [d{a}] [c,,,a] [,d,a] | \
[a{a}3/2] [c,,,a/] [d,,a1] [c{a}] [a,,,a] [,d,a] |";italian7tab
249;;173v;Galliarde;;;OT;ConcR374;6/4;"[aab,,a3/2] c/ [d,,c3/2] ,,,a/ [f,,,d2] | \
[haa{,,a}3] f1 [da,,,a2] | \
[ccd,,c3/2] d/ f2 [da,,,a] | \
[caa,c2] {,,a}3/2 d/ [caa,c2] | \
[caa,c1] a/ c [d,,c1]";italian7tab
250;;174v;Galliarde;;;OT;ConcR71;6/4;"[aab,,a2] [aab] [aab,,a] | \
[aab,,a1] ,d ,a ,b ,a2 | \
[,dba,d2] [,bdca1] ,a/ ,b ,d ,b ,a ,,d | \
[aab,,a1] ,,d ,a ,b ,a2 |";italian7tab
251;;175r;Galliarde;Charles Bocquet;RISM B/I 1603(15, f. 120v - CLFBoc I N°15;OT;ConcR579;6/4;"[,a,,,e/] ,,e ,a1 [,c,,a/] ,e a1 [,e,,c/] a c1 | \
[aac,,a1] ,d/ ,c ,a ,,d ,,c ,,a ,,,c2 | \
[a,,,e/] ,e a1 [c,,a/] e f1 [e,,,,a/] f h1 |";italian7tab
252;;175v;Galliarde;Jean Baptiste Besard;Galliarde bellissima, CLFBes N°64 (p. 176v: latin text);OT;ConcR580;6/4;"[hff,h3/2] f/ ,i2 [ca,b1] ,,d | \
[aabc2] ,,a1 ,e [aab,,a] c | \
d1 [c,,,,c] [a,,,,d2] [c,,,a1] a | \
[,efec2] {,,a}1 ,f ,e ,c |";italian7tab
253;;177r;Allamande del Amore;;;OT;;C;"a1 | \
[a,,,,d1] [,db,,d] [,b,,a] ,a/4 ,,d | \
[,ac,,a/4] ,,,c [,ac/] ,b ,d a ,,,,d ,,,,,d ,d ,b ,,,,c ,,,,d ,,,,a |";
254;G dur;177v;Sarabande / Dominique;;Gaultier;2;Conc_272;3/4;"[baa{a}1] [baa] [baa] | \
'[baa{a}3/2] a/ ,c1 | \
[,aaaac1] [,aaaa] [,c,,,d] | \
'[,a{a}3/2] ,,b/4 ,a ,,a1 | \
'[,,b{,a}1] ,,,c ,,d | \
'[,,a{,,a}1] d '[b{,a}1] |";italian7tab
255;G dur;178r;Sarabande / Dominique;;p. 178v empty;1;;3/4;"[eaa{a}1] [eaa] [eaa] | \
'[c{,a}3/2] e/ '[a{,,a}1] | \
'e/ f h1 [e{a}] | \
'[c{,,,a}3/2] e/ [a{a}1] || \
'[,ada{a}1] [,ada] [,ada] | \
'[,,b,,a3/2] ,,d/ ,,,,,c1 |";italian7tab
256;;179r;Galliarde;;;1;ConcR581;6/4;",d1 a b2 d | \
[f,,a1] ,,,c ,,,d2 [d,,f1] f | \
[bdd{a}1] ,,,,,a ,,,,,b2 [a,,,,d1] ,d | \
[,acdca{,,,a}6] | \
[,bdd,b1] [,ab,,d] [,bdca2] [,db,c1] ,,,d |";italian7tab
257;G dur;179v;[Allemande];René Mesangeau;CLFMes N°40 (tab unreadable);1;Conc_833;C;;
258;G dur;180v;dominique;Dominique;Courante La Rosignoll;1;;3/4;",a1 | \
Xa3/2 c/ e ,e | \
,f/ f 'e ,a c e | \
'[a,a3] | \
,,f1 ',,d ,,,f | \
'[,,a{a}3/2] ,f/ [,,d{,a}1] |";
259;G dur;181v;mis par dominique;Dominique;Sus, sus, sus bergers et bergerettes;1;;C;"[a,aa/] ,,,,c ',,,,a ,,,,,d [,,aa,c2] | \
[a,,,c1] ,,,,e [,e,,a/] ,,,,,d ,a1 | \
[a,,,c/] ,,,,e ,,,a ,,,,c '[c,,a1] ,,,,c/ ,,,,e |";
260;G dur;182v;dominique;Dominique;Sarabande;1;;6/4;"[h{a}1] ,k h | \
'[f,,,a1] ,h2 | \
[a,,,c2] ,,c c | \
'[baaa3] | \
[,fff{a}1] [,fff] [,fff] | \
[,e{a}1] ',c [,a{a}] [,,d,b] [,ad,,a] ',,c |";italian7tab
261;G dur;183r;Chanson / Dominique;Dominique;;1;;C;"[aaaa2] | \
[,ad,e2] [aaaa1] [aaa] | \
'[aaa{a}3/2] c/ [e,,a1] a | \
[f,,,,c1] f [e{a}3/2] e/ | \
'[c{,,,a}2] || [eaaa2] | \
[ac,,c2] [a,,,,c1] [a,,,,d] | \
[,e,,a3/2] ,c/ [,aa{a}2] |";italian7tab
262;G dur;183v;dominique;Dominique;Pavane (p. 185r: spanish text);1;;C;",,d1 ',,b/ ,,a | \
'[,,b,c2] [,,d,e/] ,,f/4 ,,d ,,f/ ,,,,f | \
[,,h,h3/2] ,,f/ '[,,d,e] ,,,f [,,,ef1] | \
,,,,e1 [,f,,c/] ,e/4 ,f [,h,,a3/2] ,f/ |";italian7tab
263;G dur;185v;dominique;Dominque;Courante La Rosignoll;1;;3/4;",a1 | \
'[,aaa3] | \
[,adc{,a}3/2] ,,b/ '[,,aa{,a}1] | \
,,,e1 {,,,a}/ ,,,e ',,,c ,,,,e | \
[,,,af3] | \
[aaaaf3/2] c/ 'a1 | \
',,,,c1 ,,,,e/ e 'd ,,c |";
264;G dur;186v;Sarabande / Dominique;Dominique?;;2;;3/4;"[baaa1] [baaa] [baaa] | \
'[b,,a3/2] a/ [,d,f1] | \
,a/ ,,b ,,,e1 ,,a | \
[,,cc{,,,a}3/2] ,,,,e/ [,,,af{,,a}1] | \
'[,,,ca{a}1] [,,,ca] [,,,ca] | \
'[,,,e{a}1] ,,,e/ ,,b ,a1 |";italian7tab
265;a moll;187v;Sarabande;;;2;;3/4;"[dcbc1] [dcb] [dcb] | \
'[c,,,c3/2] d/ [d,,,aa1] | \
[bca,c1] [bca] [bca] | \
'[a,,,,c3/2] b/ [,c,,,d1] | \
'[,aa{a}1] [,aa] 'b/ d | \
[f,aa3/2] d/ '[b,,,c1] |";
266;h moll;188v;Courante;;p. 189r: french text;2;ConcR1078;3/4;"a1 | \
[aaae3/2] a/ b d | \
[faaa1] '[dccc3/2] b/ | \
'[a,,,a3/2] ,c/4 a ,a1 | \
,,c/ ,a ,c a [,a,e] ,c |";
267;D dur;189v;[Allemande];;;2;;C;"[,a'dca3/2] ,,,,,e/ [,aaeec1] ',,,,,a/ {a} | \
[,e{,a}3/2] ,c/ ,a ,,,,,a ',,,,,c ,,,,,c | \
[d,,,a3/2] 'b/ a {,,,a} '[b{,,a}] ,c | \
'[d{,a}/] ,a [f{a}]";italian7tab
268;G dur;190v;Sarabande;;Buckingham's Sarabande / Marion pleure;1;Conc_1050;3/4;"{a}1 | \
[,,aa1] [,,aa] {a} | \
'[,,aa2] ,,,,,a1 | \
[,,bc1] [,,bc] {a} | \
'[,,aa2] ,,,,a1 | \
[,,,ca1] [,,,ca] {a} | \
',,,c3/2 ,,,a/ {,,a}1 | \
,,a1 {,a} {a} | \
'[,,,ca3/2] ,,,a/ ||";italian7tab
269;D dur;191v;Sarabande / Dominique;Dominique?;;2;;3/4;"[a'adca1] [aadc] [aadc] | \
[d,,,,e3/2] b/ '[a,,,a1] | \
[d{,a}1] '[b{a}3/2] a/ | \
'[,c,,,a3/2] ,a/ ,,c1 | \
[faa{a}1] [faa] [faa] | \
'[d{,,,a}3/2] ,f/ a1 |";italian7tab
270;;192r;sans titre;;unfinished;OT;;C;",,c1 | \
[,,dca2] ,a3/4 ,c/4 [,acc,a1] | \
[,,dca{,,,a}2] [,c,,d3/2] ,d/ a1 [,ea,c] \
[aacc] [,,c{,,,a}2] ,,,c1 ,,a ,,c [,,dc{,,a}] \
,a/ ,c ,c1 [,ac,,a]";
271;d moll;192v;Sarabande;;p. 193v-194r empty;3;Conc_844;3/4;"[,adca1] [,adc] ,c | \
[,,cc,a3/2] {a}/ [,,d{,a}1] | \
'[,c{,,a}/] ,d c1 ,,c | \
[a{,,,a}1] 'a/ ,a [,c,,,a1] | \
'[e{,a}1] ,a e | \
'[c{a}3/2] a/4 c e1 |";italian7tab
272;g moll;194v;Sarabande;;p. 185r: text;5;Conc_1744;3/4;"[,,aa{a}1] [,,aa] [,,aa] | \
'[,,,c{,a}3/2] ,,a/ {,,a}1 | \
[,,aab1] ,,c [,a,,a] | \
[,bca,d3/2] ,d/ [,aaa{a}1] | \
'[aaaa1] [aaa] c | \
'[,d,,a3/2] a/ [,c,,,a1] |";italian7tab
273;B dur;195v;Prelude;;p. 196v empty;6;Conc_2615;none;",a1 ,,,c [,caa/] ,a/4 ,c [a{,a}] [,dc,c] ',,,,b [a,a,a] ,b \
[,b,ada] a [,aaddb] ,,,,,d ,,,,a ,a ,,a [,,ccd{,a}] ,a [,b,a,d]";italian7tab
274;;197r;Courante;Gaultier / Robert Ballard;CLFBal I N°53;OT;ConcR511;3/4;",,a1 | \
[,,aaa1] {,,,a}/ ,,c ,,a1 | \
,,,a1 ,,,,a a | \
[ab,,a1] {,,,a}/ b a1 | \
,b1 d ,,,,a | \
[bbc{a}3] | \
[a,,,a3/2] d/ b a |";italian7tab
275;;197v;Volte;;;G#-c#-f-g#-c'-f';;3/4;"[,baa{,,,a}3/2] ,d/ a b | \
[d,,a3/2] a/ [f,,,f1] | \
d1 ,,,a/ b a ,d | \
[ab,,a1] [,d,,,a3/2] ,,f/4 ,d | \
,,f2 {,,,a}1 | \
a/ b ,d1 ,,,,,e/ a |";italian7tab
276;;198r;Courante;;;6;Conc_4509;3/4;",b1 | \
[,baaa1] {,,,a} [,d,,,e] | \
[a,,,a1] b d | \
[d,,,,a3/2] b/ [a,,,a] ,d | \
[,b,,,c3/2] ,d/ [a,,,a1] | \
[bbc{a}3/2] d/ f1 | \
[fg,b1] d ,,,,a |";italian7tab
277;;198v;Courante P P Meli;P.P. Melii;;G#-c#-f-g#-c'-f';ConcR1079;3/4;"d1 | \
[a,,,a3/2] ,d/4 a ,b1 | \
[bd1] ,a d | \
[ab/] ,a ,,c ,b ,a ,d | \
,b2 d1 | \
[a{,,,a}2] [b{,,a}1] | \
[d{,a}2] [b{a}/] a |";italian7tab
278;;199v;Fuga;;;G#-c#-f-g#-c'-f';ConcR1080;C;",,a4 | \
,,,a2 ,,,,a | \
[,,,bc2] [,,aa] | \
[,,cb2] ,,a1 ,,c | \
,a1 ,b [,aa2] | \
[,bc2] [,de] | \
[ab1] ,d a b | \
[dc1] ,,c ,a ,b |";italian7tab
279;;200v;Idem / Cappriccio;;;OT;ConcR1080;C;",,,f4 | \
,,,c2 ,,,,d | \
[,,,df2] [,,bc] | \
[,,dd2] ,,b1 ,,d | \
,a1 ,b [,ab2] | \
[,bd2] [,df] | \
[ab1] ,d a b | \
[da1] ,,d ,a ,b |";italian7tab
280;;201v;Ale[m]ande / deta ill bell Capriccio;;;G#-c#-f-g#-c'-f';ConcR582;C;"d/ b | \
a1 ,b [bd] [df] | \
[fg1] i/ h f l1 | \
[hi1] d/ ,a ,,c ,,a [c,c1] | \
[d,a1] ,d/ ,b";italian7tab
281;;202r;Allemande / Sopra Cappriccio;;;OT;ConcR582;C;"d/ b | \
a1 ,b [bd] [df] | \
[fg1] i/ h f l1 | \
[hi1] d/ ,a ,,c ,,a [c,c1] | \
[d,a1] ,d/ ,b";italian7tab
282;;202v;salita;;unreadable;OT;;C;;
283;;203v;Allamanda [unreadable];;faint tablature;OT;;C;",,a/ ,b | \
[,,daa{a}3/2] ,a/ ,,b ,,,a [,,ac] ,,,,e | \
[,,aaa{a}3/2] [,,c/] ,,,a ,,,,a ,,,a ,,,c | \
[,,daa{a}3/2]";
284;;204v;Passemezo;N. Vallet;Passomezo antico, CLFVal N°25;OT;ConcR583;C;",,d1 ,a | \
[,bdca3/2] ,d/ a1 [b,d] | \
a1 ,,c/ ,,a [,,c,,a] ,d ,a a | \
[,b,,a1] ,,d a/ ,,,,c ,,,,d ,d |";italian7tab
285;;205r;[fragment];;faint tablature;OT;;C;;
286;;205v;Passomezo;N. Vallet;Passomezo antico (2° part), CLFVal N°259;OT;ConcR584;C;"[,,bd1] [,df] | \
[ab1] f ,,,,a/ a [b,d1] | \
a/ ,,,c [,b,d1] [,d,a] [,acc] | \
[,b,,a1] ,,d a/ ,,,c [,d,d1] | \
[a,,c1] ,,,,c/ ,,d [,d,,c] ,,b [,b,a,a1] |";italian7tab
287;;206v;Passomezo;N. Vallet;Passomezo antico (3° part), CLFVal N°25;OT;ConcR585;C;",,d/ ,a ,b ,d | \
[a,,,a/] c/4 d f/ a/4 b a/ ,d/4 ,b ,a ,b ,d ,a | \
[,b{,,,a}/] ,,a/4 ,,c ,,d/ ,,,c/4 ,,,d";italian7tab
288;;208r;[Saltarella dell ];;faint tablature;OT;;C;"[cdaa2] {a}/ d [c,,a1] | \
c1 [a,,,d3/2] d/ c1 |";
289;;208v;Corente [det]ta la farina;;faint tablature;OT;;3/4;;
290;;209v;Passomezo;;Passomezo antico in 3 parts, CLFBes N°20;;ConcR586;C;",,d1 ,a | \
[,bdca1] {,,,a} [,d{,,a}] ,,b | \
[a{,a}1] ,d/ ,b ,a ,,d [,a,,,a1] | \
[,,d,a1] {,,,a} [,d,,c] ,,b | \
[a,,,d1] ,,d [,d,a] ,b | \
[,a,,,d3/2] ,,d/4 ,a ,,b1 ,a/ ,b |";italian7tab
291;;211r;[Courante fiorita];;faint tablature;OT;ConcR587;C;"a1 | \
,,d3/2 ,d/ [a,a1] d/ f | \
'[d,,c3/2] c/ ,f1 a | \
[c,,a3/2] d/4 a ,d3/4 ,,c/4 [,df1] | \
[abacd2] {,a}1 [abc/] d/4 f1 |";
292;;212r;Corrente / dta la / Zingara;;;OT;ConcR1081;none;"c/ a1 [,df3/2] a/ [c,,a3/2] [da,c/] [acd1] [cdda2] {,,,a}1 \
[cdd1] f/ e [c,,a3/2] e/ [f,a1] [aa2] [eg,,e1] [ccee2] ,,,,c1";
293;;213v;Ballet nouveau de Lespine;Charles de l'Espine;;OT;;C;"[,,dca3/2] {,,a}/4 ,a [,c,,a3/4] ,c/4 [,a,,,a3/4] ,,d/4 | \
[,,dca2] {,,,a}1 a/ ,d | \
[,c,,a/] ,,d c a [,a,,c1] [,c,,a3/4] ,a/4 |";
294;;214r;Ballet mounear de lespin;Charles de l'Espine;;OT;;none;",,d/ ,a [,c,,a1] a [c,,a] [e,,c] [f,,,a] \
[e,,,,a] [c,,,c] [a,,,e] ,c/ e a c [,e,,c3/2] a/4 c \
e1 [aacc,a] ,,,c [aac] [,dd]";
295;;214v;Passomezo;;;OT;;C;",,,e1 ,,c | \
[ccd,,c2] ,,,e1 c/ e | \
[f,,,,c1] c/ ,,d ,,c ,,,e [,ccde1] | \
[ccd,,c3/2] ,,c/ ,,d1 [a,,,,e/] ,e | \
[,c,,a1] [,e,,c/] ,,,,a [a,,,,e1] [c,,,,c] |";italian7tab
296;;215v;[Passagio];;;OT;;C;"l/ i h i ,l h i ,l | \
i/ h ,l h ,i ,l h ,i | \
h/ ,l ,i ,l ,h ,i ,l ,h |";italian7tab
297;;215v;[Passagio];;;OT;;C;"h/ f e ,h e f h e | \
k/ e ,h ,f ,e ,f ,h ,e | \
,f/ ,e ,,h ,,,,,d ,,f ,,e ,,f ,,h ,,e | \
,,f ||";italian7tab
